Date,Actual,Predicted
2016-02-02,119.0,114.97536926392982
2016-02-03,114.9899979,115.61404409598178
2016-02-04,114.2900009,114.68192609349677
,110.3899994,117.19196158999979
2016-02-08,109.1299973,118.60400623450295
2016-02-09,106.8399963,118.4861499976251
2016-02-10,106.7699966,116.51152667401476
2016-02-11,105.0800018,114.37396418420525
2016-02-12,105.2600021,111.3106300272468
2016-02-16,108.2099991,109.94459631393015
2016-02-17,108.1299973,109.38908242321592
2016-02-18,107.4499969,108.8326255628645
2016-02-19,105.3099976,108.58396596631238
2016-02-22,106.6900024,108.01412791777594
2016-02-23,105.6200027,109.44551092372767
2016-02-24,104.5899963,109.62680057842213
2016-02-25,105.5699997,109.58921650288235
2016-02-26,105.1399994,108.20046171164083
2016-02-29,104.0999985,107.01564281415855
2016-03-01,106.4100037,106.03098793188676
2016-03-02,106.9899979,105.22920928814344
2016-03-03,108.5699997,106.03294871002124
2016-03-04,109.5500031,105.48176050542051
2016-03-07,107.9100037,105.09075739696742
2016-03-08,105.8199997,105.91169478889509
2016-03-09,106.25,105.86866244434039
2016-03-10,107.0800018,106.5423917984609
2016-03-11,109.2600021,107.37946444862509
2016-03-14,108.9499969,106.72246906362183
2016-03-15,107.2200012,105.46620899029274
2016-03-16,107.5400009,105.1544452669084
2016-03-17,107.9300003,105.84219942341075
2016-03-18,106.5999985,107.85335907851955
2016-03-21,107.1399994,109.94338392439661
2016-03-22,108.5999985,110.14624213857051
2016-03-23,108.0999985,110.35504255823597
2016-03-24,106.3199997,110.11015484023262
2016-03-28,108.6900024,109.31621930902729
2016-03-29,108.3499985,109.38122434290594
2016-03-30,107.5999985,109.56676484485382
2016-03-31,106.3199997,109.02945176491473
2016-04-01,103.5400009,107.90119607789237
2016-04-04,101.3799973,108.12852659931737
2016-04-05,98.73999786,107.49398287234267
2016-04-06,99.51000214,107.26524538034788
2016-04-07,98.26999664,107.09652865414938
2016-04-08,100.6600037,104.79170131202723
2016-04-11,98.43000031,102.58581094295086
2016-04-12,101.5800018,100.10951280457873
2016-04-13,104.2600021,99.31457443264812
2016-04-14,104.9599991,98.73750695022648
2016-04-15,103.6800003,100.10704312219558
2016-04-18,103.3600006,99.8983624447063
2016-04-19,104.6999969,100.56534133364622
2016-04-20,104.8499985,102.73334827174243
2016-04-21,105.4400024,103.2685209602828
2016-04-22,107.4499969,104.03755011884847
2016-04-25,107.3399963,103.76709744623665
2016-04-26,107.3199997,103.90230133088453
2016-04-27,106.3700027,104.31095144254805
2016-04-28,102.9599991,105.44757411412905
2016-04-29,101.6999969,106.94625222307833
2016-05-02,102.4700012,107.17820778605721
2016-05-03,101.4499969,107.26130885630687
2016-05-04,100.6200027,106.53621010861704
2016-05-05,101.2699966,103.8400653348294
2016-05-06,101.9599991,101.9100010685197
2016-05-09,102.6100006,101.33107758236771
2016-05-10,104.8199997,101.01675436996811
2016-05-11,98.44000244,101.59879115270006
2016-05-12,101.3799973,102.31071826101314
2016-05-13,99.79000092,102.51496847798481
2016-05-16,100.8199997,103.34440756441927
2016-05-17,100.6100006,105.00261218754737
2016-05-18,101.5299988,102.28235433303708
2016-05-19,99.61000061,102.31446020401789
2016-05-20,100.6100006,101.24465366672983
2016-05-23,99.55000305,100.34735070196109
2016-05-24,100.6399994,101.83402465775112
2016-05-25,102.6200027,101.48249156411221
2016-05-26,102.2699966,100.56091087312859
2016-05-27,100.5899963,100.04881848904157
2016-05-31,103.4100037,99.21446997338485
2016-06-01,103.3300018,98.9257566189098
2016-06-02,103.8199997,100.70529000202414
2016-06-03,103.5,100.97906552002419
2016-06-06,105.5400009,100.99678736209472
2016-06-07,105.4899979,102.2129188386408
2016-06-08,105.6500015,102.40372799633938
2016-06-09,104.5,103.11912762776088
2016-06-10,103.1999969,104.1535054486799
,101.6900024,105.05003008930365
2016-06-14,101.0800018,105.73139300715387
2016-06-15,102.4800034,106.22470083735702
2016-06-16,101.9899979,106.22790394056909
2016-06-17,103.2399979,104.70818114416106
2016-06-20,105.8000031,103.22697042515797
2016-06-21,107.1200027,101.99088690851053
2016-06-22,106.5,102.14855741895899
2016-06-23,109.9499969,102.19411931698491
,103.9599991,103.12270492527342
2016-06-27,100.2600021,104.75968524767853
2016-06-28,99.84999847,105.70778883067986
2016-06-29,101.5199966,106.39204052852976
2016-06-30,99.98999786,107.978789008039
2016-07-01,99.63999939,105.33015194263977
2016-07-05,99.18000031,101.83278233267353
2016-07-06,99.77999878,99.97579072936072
2016-07-07,99.77999878,99.08275357961739
2016-07-08,102.0699997,99.76743934285584
2016-07-11,105.6600037,100.61326813965115
2016-07-12,106.5400009,100.21548463047344
2016-07-13,107.8600006,99.2266986431244
2016-07-14,107.9800034,98.93077082253618
2016-07-15,108.8199997,100.12099308571732
2016-07-18,109.0100021,102.70660086314443
2016-07-19,108.5599976,104.52723574822302
2016-07-20,109.3000031,106.74451659180586
2016-07-21,108.8600006,107.56332856010683
2016-07-22,109.6800003,107.75915192143178
2016-07-25,109.6800003,108.37762026125804
2016-07-26,109.5999985,108.34472109836022
2016-07-27,110.5699997,108.84888056327716
2016-07-28,110.7600021,108.65870005200338
2016-07-29,111.5999985,109.02578466077006
2016-08-01,111.2300034,109.27915910550819
2016-08-02,109.9700012,109.04305746968002
2016-08-03,110.0699997,109.5783948037126
2016-08-04,112.3099976,109.89210433745941
2016-08-05,115.9599991,110.65059618452369
2016-08-08,117.4100037,111.14736157006324
2016-08-09,117.4199982,110.7815641896902
2016-08-10,116.9499969,110.7549065877243
2016-08-11,117.7699966,111.76114499724756
2016-08-12,117.7900009,114.72661986074559
2016-08-15,117.5800018,117.20573194025731
2016-08-16,117.2799988,118.10275051735769
2016-08-17,119.1999969,117.59133168301152
2016-08-18,118.9400024,116.27443716523334
2016-08-19,119.6200027,115.53498432417727
2016-08-22,120.5800018,115.56915574769671
2016-08-23,119.8000031,115.95364787532152
2016-08-24,120.9000015,116.9358480429822
2016-08-25,120.2900009,117.61179262736154
2016-08-26,118.6200027,118.34349216251175
2016-08-29,120.3399963,119.43741178052245
2016-08-30,121.2399979,118.98706145601392
2016-08-31,120.6299973,119.68854105945772
2016-09-01,121.0199966,119.70428715562174
2016-09-02,122.0800018,118.62982564123577
2016-09-06,120.6699982,119.4168310939963
2016-09-07,120.7399979,119.98578604398361
2016-09-08,121.0100021,120.42893687015099
2016-09-09,118.6600037,121.39994114434144
2016-09-12,120.3499985,121.76867220803021
2016-09-13,118.8099976,121.07587391235745
2016-09-14,117.4499969,120.95421586138679
2016-09-15,118.1699982,121.01712540718276
2016-09-16,114.6299973,119.50089010165516
2016-09-19,115.0699997,120.2301798255103
2016-09-20,116.4599991,119.8434874353987
2016-09-21,119.4499969,118.58064154238124
2016-09-22,120.8000031,118.81639891945296
2016-09-23,117.6600037,115.96297279728937
2016-09-26,117.0999985,115.00777449035103
2016-09-27,118.3199997,115.53898071930635
2016-09-28,117.6299973,116.9067506941772
2016-09-29,115.9899979,119.40057609358362
2016-09-30,116.0599976,118.62561969729842
2016-10-03,115.2600021,117.40233362572724
2016-10-04,115.3300018,116.64896075669347
2016-10-05,117.0699997,115.91793477128411
2016-10-06,116.4400024,116.09326725271502
2016-10-07,115.8899994,116.19801172130418
2016-10-10,116.4199982,115.23306939478144
2016-10-11,115.3199997,115.01301321055767
2016-10-12,115.1500015,116.01824877935564
2016-10-13,114.6900024,116.06641506971287
2016-10-14,115.0899963,115.96027859832594
2016-10-17,115.4300003,115.94231727190311
2016-10-18,115.0500031,115.01479437542794
2016-10-19,114.8899994,114.85204979026504
2016-10-20,116.1399994,114.82522754280694
2016-10-21,115.2699966,115.07502469003252
2016-10-24,115.4499969,115.8916513636187
2016-10-25,115.25,116.01061521562595
2016-10-26,115.5,116.10028713779194
2016-10-27,114.8499985,116.5718168597074
2016-10-28,114.8099976,115.96903474495709
2016-10-31,115.6600037,115.95254026019211
2016-11-01,114.7300034,115.80548190010515
2016-11-02,113.3799973,115.27523360855905
2016-11-03,113.1699982,115.28505246700352
2016-11-04,110.5599976,114.89431877844679
2016-11-07,112.4800034,115.14899541935056
2016-11-08,113.8099976,114.73140954779167
2016-11-09,111.8099976,113.91208867524206
2016-11-10,110.8600006,113.61075748895497
2016-11-11,111.9499969,111.66283667062658
2016-11-14,111.7799988,111.90534451287887
2016-11-15,112.4899979,112.99677948073442
2016-11-16,112.5699997,112.12737644300914
2016-11-17,113.2399979,111.9493347948428
2016-11-18,114.0400009,111.58585741913271
2016-11-21,114.5100021,110.69840324835248
2016-11-22,113.7799988,111.33088142278855
2016-11-23,114.5100021,112.17349214859978
2016-11-25,117.8000031,112.43975384504627
2016-11-28,117.6500015,113.17676693926325
2016-11-29,118.3000031,113.77486414137161
2016-11-30,118.5299988,113.64462955703404
2016-12-01,117.7699966,113.78703294002308
2016-12-02,116.8300018,115.39075487300191
2016-12-05,117.5599976,116.06327183758889
2016-12-06,117.8799973,117.1713509679296
2016-12-07,121.4599991,117.72084781429217
2016-12-08,121.4599991,116.7472241799984
2016-12-09,122.9800034,116.3123954350736
2016-12-12,121.8600006,116.49272715235885
2016-12-13,123.0699997,116.95575517976751
2016-12-14,121.0599976,119.47400798310898
2016-12-15,121.9800034,121.11143733867466
2016-12-16,121.0,122.4657512865004
2016-12-19,121.8399963,122.6026914327025
2016-12-20,121.6699982,122.31517549998898
2016-12-21,121.1100006,121.47829743086105
2016-12-22,120.6600037,121.20865301793825
2016-12-23,120.9000015,121.18795258923593
2016-12-27,119.3899994,120.97353925506336
2016-12-28,118.4199982,121.56440702328652
2016-12-29,117.0400009,121.24340818456643
,117.1999969,120.95213534107614
2017-01-03,118.5500031,120.71227679447121
2017-01-04,121.1900024,119.88204441611973
2017-01-05,120.4400024,118.90122128348479
2017-01-06,120.1299973,117.78273955159086
2017-01-09,119.7399979,117.1265973295927
2017-01-10,119.7600021,117.85555776246343
2017-01-11,119.9100037,119.75571642027913
2017-01-12,119.6399994,120.63986271344315
2017-01-13,119.8099976,120.63686915903934
2017-01-17,118.4100037,119.87255484865966
2017-01-18,118.7900009,118.83305804971013
2017-01-19,119.3099976,118.88364911913446
2017-01-20,118.9199982,119.1801457150594
2017-01-23,118.2900009,119.84407117850745
2017-01-24,117.6399994,119.37833398436335
2017-01-25,119.0599976,119.22504903111648
2017-01-26,118.9800034,119.40443777876453
2017-01-27,116.6900024,118.98634300295701
2017-01-30,116.0699997,118.92873204845577
2017-01-31,115.75,118.27152711464426
2017-02-01,115.2600021,118.53012531181702
2017-02-02,114.5299988,118.89569817560977
2017-02-03,115.1200027,118.09195875373197
2017-02-06,113.3099976,117.527209747682
2017-02-07,113.0400009,116.5180825581591
2017-02-08,113.2699966,115.82932556093147
2017-02-09,111.9199982,115.69859704011726
2017-02-10,112.8899994,115.88735561304924
2017-02-13,114.1299973,114.71771403639427
2017-02-14,114.4700012,113.9038564006316
2017-02-15,113.6100006,113.60285450532893
2017-02-16,113.3499985,112.26702575594668
2017-02-17,113.6999969,112.5292910572641
2017-02-21,114.3000031,113.16054187439461
2017-02-22,114.4000015,113.3180776748949
2017-02-23,114.5899963,113.39662854245076
2017-02-24,113.7699966,113.03633930218072
2017-02-27,114.2399979,112.77751658842767
2017-02-28,113.1500015,113.08670585502475
2017-03-01,114.7399979,113.74992783318791
2017-03-02,113.3899994,114.11219281936445
2017-03-03,113.3399963,113.81666912862076
2017-03-06,112.9100037,113.78541642064502
2017-03-07,112.6500015,113.33701190649896
2017-03-08,111.8000031,113.84757757784006
2017-03-09,112.1900024,113.79822883349331
2017-03-10,112.6600037,113.63802876957365
2017-03-13,113.4000015,113.70239018925547
2017-03-14,112.0899963,113.09517761398752
2017-03-15,113.2399979,112.84066561857595
2017-03-16,113.2399979,112.88667654976246
2017-03-17,112.2099991,113.23749119034444
2017-03-20,112.2099991,113.70253986697567
2017-03-21,111.3899994,113.49465248140338
2017-03-22,110.8300018,113.57139224854494
2017-03-23,110.5100021,113.25858078111925
2017-03-24,111.3600006,112.3368803479595
2017-03-27,111.7300034,112.37688920256635
2017-03-28,112.4100037,111.43080626878759
2017-03-29,110.25,110.64920418172593
2017-03-30,110.0599976,110.44597177325156
2017-03-31,108.6200027,110.41308757812575
2017-04-03,108.5199966,110.80576707704498
2017-04-04,108.0100021,111.46340607624504
2017-04-05,106.1399994,110.68446825260276
2017-04-06,105.5,109.93540610191047
2017-04-07,105.9100037,108.76480658784628
2017-04-10,105.9800034,107.8732213119888
2017-04-11,106.4000015,107.91879817778674
2017-04-12,105.4400024,106.90908724515508
2017-04-13,104.1800003,106.46071266655306
2017-04-17,106.1200027,106.19446593787858
2017-04-18,105.3199997,106.02089965354592
2017-04-19,104.6200027,106.47815012095523
2017-04-20,106.0,106.19145741570276
2017-04-21,106.5800018,105.0371727731393
2017-04-24,106.9899979,105.32292250875457
2017-04-25,108.7200012,105.07041619479357
2017-04-26,109.9100037,104.82193621150567
2017-04-27,109.4100037,105.84538755885079
2017-04-28,108.1399994,105.94448917738879
2017-05-01,108.3000031,106.57650335089227
2017-05-02,109.2399979,108.05573832398883
2017-05-03,108.8700027,108.96959564461062
2017-05-04,109.1600037,109.17484870230757
2017-05-05,109.9100037,108.70980002567634
2017-05-08,110.1900024,108.04136926285057
2017-05-09,108.4599991,108.18314399941481
2017-05-10,105.8099976,108.44133806674304
2017-05-11,106.8399963,109.18980150655457
2017-05-12,106.4599991,109.92247394688603
2017-05-15,106.4100037,110.17002592830875
2017-05-16,106.9199982,109.6815077851517
2017-05-17,105.7900009,108.0903288451248
2017-05-18,106.7699966,107.55277628083341
2017-05-19,107.5599976,106.9750202808989
2017-05-22,107.5,107.06023180700323
2017-05-23,108.0800018,107.82695592867798
2017-05-24,107.3199997,106.90893756743489
2017-05-25,107.3000031,106.67283593160674
2017-05-26,107.0999985,106.83596967884213
2017-05-30,107.8799973,106.62692977482438
2017-05-31,107.5400009,107.18587128533096
2017-06-01,108.4000015,106.8810975114795
2017-06-02,109.3700027,106.62243944321867
2017-06-05,107.7600021,106.53836546778778
2017-06-06,107.8000031,106.94813816235273
2017-06-07,107.5299988,107.26100950086649
2017-06-08,105.7799988,107.78422293956365
2017-06-09,105.7399979,108.72687825355005
2017-06-12,106.4499969,107.9360709866967
2017-06-13,107.4100037,107.61685331284687
2017-06-14,106.6999969,107.18718844926863
2017-06-15,105.7799988,105.90750381272976
2017-06-16,104.9000015,105.95326029179193
2017-06-19,104.6999969,106.33224427931374
2017-06-20,103.8199997,107.05402018161534
2017-06-21,104.5599976,107.57007902528741
2017-06-22,105.4899979,107.12758678108887
2017-06-23,105.2399979,106.16069864420365
2017-06-26,104.9800034,105.27930642109114
2017-06-27,104.5400009,104.60270325474296
2017-06-28,105.3099976,104.80807605461605
2017-06-29,104.3399963,105.4190605084328
2017-06-30,105.0199966,105.42781665506394
2017-07-03,106.0299988,105.25944418762188
2017-07-05,108.5299988,104.49375284221645
2017-07-06,107.4499969,104.32993057746818
2017-07-07,108.4700012,103.78065824768588
2017-07-10,108.2200012,104.0043665682823
2017-07-11,108.2099991,104.87444315574842
2017-07-12,109.8700027,106.25806400118744
2017-07-13,109.8399963,107.02384515322498
2017-07-14,110.1999969,107.73482929190085
2017-07-17,110.3300018,107.78783017262023
2017-07-18,110.0,107.18482354128963
2017-07-19,109.6999969,108.38592737472861
2017-07-20,109.8399963,108.81199997302228
2017-07-21,109.3099976,109.46546296382903
2017-07-24,109.4100037,110.13947670561791
2017-07-25,110.1299973,109.81543940917796
2017-07-26,110.7699966,109.78268992400032
2017-07-27,111.6699982,109.85052386679055
2017-07-28,112.2600021,109.44657363554101
2017-07-31,112.8399963,109.45254577657661
2017-08-01,114.1699982,109.87065552015615
2017-08-02,114.1900024,110.26999567762384
2017-08-03,112.7300034,111.13556696571224
2017-08-04,113.6399994,111.8356845019023
2017-08-07,114.1299973,112.20998357678216
2017-08-08,114.2200012,112.84006690769519
2017-08-09,113.0999985,112.9364294239537
2017-08-10,112.3799973,112.22423289574428
2017-08-11,112.1200027,112.37431474577907
2017-08-14,113.0299988,112.45499103696164
2017-08-15,113.2799988,112.85939030137176
2017-08-16,112.3899994,113.12752296932064
2017-08-17,111.4499969,112.5505303257591
2017-08-18,111.7300034,111.89962682396761
2017-08-21,112.7200012,111.96681715256102
2017-08-22,112.8700027,112.47826592245123
2017-08-23,112.8499985,112.46901583934347
2017-08-24,112.2200012,111.9654550853073
2017-08-25,112.8399963,111.54664185644285
2017-08-28,112.2699966,111.81191567993609
2017-08-29,112.0800018,112.14384099223007
2017-08-30,112.2900009,112.69534352004321
2017-08-31,112.9800034,112.44924341250633
2017-09-01,113.0299988,112.35103986028949
2017-09-05,113.6200027,112.14099711554645
2017-09-06,113.7300034,111.89637881743947
2017-09-07,114.2799988,112.13557878207557
2017-09-08,114.9700012,112.37440455241119
2017-09-11,116.2300034,112.70167488760725
,116.5400009,113.18510398827785
2017-09-13,116.6100006,113.37972992784127
2017-09-14,117.0999985,113.48526768834745
2017-09-15,117.6900024,113.98799024715056
2017-09-18,117.5899963,114.77447182789042
2017-09-19,120.0599976,115.40822226294812
2017-09-20,120.3700027,115.80206924808482
2017-09-21,120.0500031,116.23378469642965
2017-09-22,120.6299973,116.46666826127372
2017-09-25,120.9700012,116.72451806984553
2017-09-26,121.3300018,118.20583356325274
2017-09-27,121.4899979,119.08252590595129
2017-09-28,119.5999985,119.36784157617801
2017-09-29,119.1699982,119.92239752948302
2017-10-02,119.3099976,119.60648773324941
2017-10-03,120.3399963,119.7464962727154
2017-10-04,120.9700012,120.2551909725541
2017-10-05,120.8399963,119.49738764300271
2017-10-06,121.8700027,118.88869325830487
2017-10-09,121.6699982,118.58858942932335
2017-10-10,124.0800018,118.89758411488417
2017-10-11,123.5599976,119.9704291098921
2017-10-12,123.1900024,120.51256181242131
2017-10-13,123.3799973,121.1591246603273
2017-10-16,123.4199982,121.05497890261888
2017-10-17,123.3099976,122.06587228924005
2017-10-18,124.2600021,122.4965699290876
2017-10-19,123.0699997,122.37983627511119
,123.7099991,122.67167789393821
2017-10-23,122.7699966,122.20495282684085
2017-10-24,123.8799973,122.38570364174265
2017-10-25,122.3399963,123.17869620331079
2017-10-26,123.8499985,122.92135529898762
2017-10-27,124.2300034,123.10116314425221
2017-10-30,124.3899994,122.84425630531761
2017-10-31,124.0,123.015248132863
2017-11-01,124.4300003,122.82451381402451
2017-11-02,125.3099976,123.26561405542529
2017-11-03,125.6200027,124.00919800155862
2017-11-06,125.62999729999999,123.95616718529519
2017-11-07,127.45999909999999,124.42702335746979
2017-11-08,127.98000340000002,124.36188361364299
2017-11-09,125.4599991,124.67665585920315
2017-11-10,124.4899979,125.10127658361098
2017-11-13,125.66999820000001,125.40832545880933
2017-11-14,124.8700027,126.3455175360088
2017-11-15,123.6600037,126.9833691405997
2017-11-16,124.3700027,125.98907501314764
2017-11-17,123.2900009,125.04758718537873
2017-11-20,124.2900009,124.53024111331302
2017-11-21,125.77999879999999,123.7452862453191
2017-11-22,126.0800018,123.68248147392725
,126.05000309999998,124.11382272797162
2017-11-27,125.98000340000002,123.1957744311845
2017-11-28,126.9599991,123.26561405542529
2017-11-29,126.55000310000001,124.4466161710427
2017-11-30,126.3399963,124.91925350808758
2017-12-01,124.3600006,125.50407429641506
2017-12-04,123.9199982,125.59034853433275
2017-12-05,123.6800003,125.62613647723023
2017-12-06,122.9700012,125.55138742376721
2017-12-07,123.3899994,125.70815986789452
2017-12-08,124.4499969,124.83883166902933
2017-12-11,123.9300003,123.90154978519776
2017-12-12,124.25,123.39846799986618
2017-12-13,124.9199982,122.65111217518407
2017-12-14,125.0,122.93560461794974
2017-12-15,124.3399963,123.47790196597117
2017-12-18,127.31999969999998,123.49269012472597
2017-12-19,127.01000209999998,123.76026898511014
2017-12-20,127.62999729999999,124.23973162619569
2017-12-21,128.2799988,124.26504212867987
2017-12-22,128.3200073,124.34995429934382
2017-12-26,127.98000340000002,125.8891351993766
2017-12-27,128.2299957,126.40212564978476
2017-12-28,128.2700043,127.1977076359122
2017-12-29,127.16999819999998,128.32377802821978
2018-01-02,128.3699951,127.83183226527036
2018-01-03,130.1300049,127.7113566682892
2018-01-04,132.1600037,127.63162334674384
2018-01-05,133.8600006,127.30427817268767
2018-01-08,134.7700043,126.70203489773004
2018-01-09,133.7200012,127.3853136903987
2018-01-10,136.3999939,128.4487888601227
2018-01-11,136.9100037,130.0862930545485
2018-01-12,137.1999969,132.40146312713577
2018-01-16,137.9700012,133.64077968253932
2018-01-17,140.7200012,133.4798312300187
2018-01-18,138.6300049,134.3664472055659
,139.8500061,134.91001681420892
2018-01-22,139.3999939,135.38763841933613
2018-01-23,139.2799988,136.72099748633525
2018-01-24,139.0299988,138.02133764826038
2018-01-25,138.1799927,137.6721993981445
2018-01-26,139.5599976,138.16140605881444
2018-01-29,139.5299988,138.01704189769092
2018-01-30,139.6199951,137.2644922561182
2018-01-31,137.9199982,137.92308919272747
2018-02-01,138.8000031,137.59617808405986
2018-02-02,136.6199951,138.55905485804396
2018-02-05,131.9299927,139.29503517599164
2018-02-06,138.7599945,139.78000595718018
2018-02-07,136.8800049,139.38391380624063
2018-02-08,134.4299927,139.26092362356027
2018-02-09,136.5700073,138.08535480918576
2018-02-12,138.7599945,134.83004400831126
2018-02-13,135.0399933,137.169162516129
2018-02-14,135.4700012,136.7642393796982
2018-02-15,135.2799988,135.8218834211522
2018-02-16,136.1999969,137.755165758446
2018-02-20,136.1999969,137.1615439201713
2018-02-21,134.8000031,135.7355942154625
2018-02-22,135.2299957,135.9486155468373
2018-02-23,137.0299988,135.06882487533082
2018-02-26,138.4299927,134.37728387250766
2018-02-27,136.0299988,135.6831471423078
2018-02-28,134.6000061,135.43613400067778
2018-03-01,130.3899994,135.38256434462167
2018-03-02,130.5899963,135.95226768320995
2018-03-05,130.9799957,136.90164352683288
2018-03-06,131.3399963,136.58263540179135
2018-03-07,129.8200073,135.62231811682247
2018-03-08,129.5599976,132.40924636858566
2018-03-09,129.6999969,130.29976341908386
2018-03-12,130.3399963,130.4357905311928
2018-03-13,130.0,131.0564142301898
2018-03-14,130.0,131.57769682629652
2018-03-15,130.3899994,131.24677435472782
2018-03-16,129.9100037,130.59283239521645
2018-03-19,127.8399963,130.43899363440488
2018-03-20,129.25,130.72104633033143
2018-03-21,129.2799988,130.9571479661596
2018-03-22,127.0199966,131.27100717762661
2018-03-23,124.5,130.97913562325556
2018-03-26,127.30999759999999,129.72443219821645
2018-03-27,128.0399933,129.35330629100463
2018-03-28,129.3699951,129.33314470209498
2018-03-29,130.3699951,127.87154176443684
2018-04-02,126.58999629999998,125.9792860902472
2018-04-03,128.3500061,126.12653903137041
2018-04-04,127.7600021,126.20648190172403
2018-04-05,127.40000150000002,127.43777573132539
2018-04-06,125.3700027,129.60002007719427
2018-04-09,126.1699982,127.75872966672942
2018-04-10,128.2599945,127.64886622010975
2018-04-11,127.80999760000002,127.47784445702034
2018-04-12,128.6300049,127.13138543809588
2018-04-13,128.5299988,127.46628933702165
2018-04-16,128.8200073,127.30100023061551
2018-04-17,129.3399963,128.5636964459128
2018-04-18,129.0700073,128.97296023622908
2018-04-19,128.4900055,130.06647572439527
2018-04-20,129.2299957,129.7481561168666
2018-04-23,129.0700073,128.65673611678307
2018-04-24,129.4700012,128.5893512071534
2018-04-25,131.1000061,128.10946946845132
2018-04-26,131.6100006,127.92455761292824
2018-04-27,131.0099945,128.35823383940757
2018-04-30,130.9799957,128.62751902580192
2018-05-01,130.9700012,129.20858290335264
2018-05-02,130.1799927,130.67632262753858
2018-05-03,130.1100006,131.39317413284593
2018-05-04,131.3200073,131.61074566691454
2018-05-07,131.5099945,131.56703977261895
2018-05-08,130.8999939,131.03056488791293
2018-05-09,136.2899933,130.4606520005164
2018-05-10,138.3899994,130.47611370901205
2018-05-11,138.0700073,130.99539062366821
2018-05-14,138.1399994,131.40631583667863
2018-05-15,136.2200012,131.56705474039097
2018-05-16,137.3500061,134.09532098321318
2018-05-17,136.6699982,136.05687744185093
2018-05-18,136.0399933,137.2849382326962
2018-05-21,136.4499969,138.0536081647334
2018-05-22,135.7400055,135.9493190321222
2018-05-23,134.8300018,135.17551515428246
2018-05-24,132.4400024,134.82627212976246
2018-05-25,129.9600067,134.68319519703257
2018-05-29,126.6999969,135.41119769249408
,127.23000339999999,135.13793107874267
2018-05-31,127.97000120000001,134.67349608076424
2018-06-01,131.3099976,133.49849604172644
2018-06-04,134.2799988,131.2872921135833
2018-06-05,133.4600067,128.3414849025183
2018-06-06,136.1699982,127.19963847850265
2018-06-07,136.4499969,127.49049222437641
2018-06-08,136.2100067,129.8147177990352
2018-06-11,137.1499939,133.25315929056254
2018-06-12,134.5500031,133.88565243277063
2018-06-13,135.4100037,135.18386717106907
2018-06-14,135.4400024,135.18055929345286
2018-06-15,135.8099976,134.55164344875732
2018-06-18,136.5200043,135.61209512853347
2018-06-19,136.1499939,134.38937783229903
2018-06-20,134.3699951,134.49543946482586
2018-06-21,132.6600037,134.87786603991205
2018-06-22,131.0,135.04480160124027
2018-06-25,128.5700073,136.40432433372865
2018-06-26,129.2100067,136.38140867476753
2018-06-27,127.1100006,135.14451689843105
2018-06-28,129.0899963,133.68625177393315
2018-06-29,128.8099976,131.9734896217957
2018-07-02,127.9300003,130.09042415962574
2018-07-03,127.40000150000002,130.4446813877721
2018-07-05,129.0700073,129.77304752173424
2018-07-06,129.5599976,130.6903324621484
2018-07-09,130.6999969,131.50772249210755
2018-07-10,129.2700043,130.7243242724036
2018-07-11,128.0599976,130.73300558017465
2018-07-12,129.1799927,130.42043359710127
2018-07-13,129.5099945,130.57338925936372
2018-07-16,129.5099945,131.45288057542984
2018-07-17,131.4499969,131.12379913981948
2018-07-18,132.0899963,129.4398200132746
2018-07-19,131.7700043,128.89937866898353
2018-07-20,131.8000031,128.3181351781686
2018-07-23,131.7299957,128.52000551938923
2018-07-24,132.5800018,130.1140732394158
2018-07-25,132.2100067,130.61618211956613
2018-07-26,133.3300018,130.77548411716467
2018-07-27,134.4600067,130.9756331646031
2018-07-30,134.9799957,130.4966794277662
2018-07-31,131.8399963,131.26099373814588
2018-08-01,131.6300049,131.9418627195195
2018-08-02,131.0500031,133.30824069159257
2018-08-03,131.3000031,134.89611175400324
2018-08-06,128.4499969,135.70679622209786
2018-08-07,128.5200043,135.08609768424077
2018-08-08,127.08999630000001,134.27658070236362
2018-08-09,125.4499969,133.1890972263211
2018-08-10,124.2300034,132.48119644868115
2018-08-13,123.5,131.36886647108702
2018-08-14,123.4499969,130.11922215299035
2018-08-15,121.8499985,128.43007914509892
2018-08-16,122.7600021,125.975199888486
2018-08-17,123.2799988,124.74657032230404
2018-08-20,123.2699966,123.39873741976253
2018-08-21,122.5699997,122.75609612812553
2018-08-22,123.7399979,121.96659105743782
2018-08-23,122.2600021,122.07709811825431
2018-08-24,122.8399963,122.37244219573378
2018-08-27,126.4700012,122.50110516400936
2018-08-28,126.06999970000001,122.79291684729235
2018-08-29,127.48000339999999,123.05441879223679
2018-08-30,125.2600021,122.33758225470147
2018-08-31,124.0800018,122.19116750881133
2018-09-04,122.0100021,124.19352611397295
2018-09-05,120.4700012,124.80211572426666
2018-09-06,120.1900024,126.42882815506671
2018-09-07,119.3000031,125.99890883936415
2018-09-10,119.1800003,124.17755550122864
2018-09-11,119.1800003,122.62954361570465
2018-09-12,119.9100037,120.76866039166688
2018-09-13,121.9599991,120.52455099780855
2018-09-14,122.2799988,120.23826242240058
2018-09-17,122.4800034,120.64409859292454
2018-09-18,125.0299988,121.15499355525003
2018-09-19,125.3199997,121.5809763469116
2018-09-20,124.9499969,123.00489043462582
2018-09-21,124.7200012,123.7580238193073
2018-09-24,124.0,124.07349955015236
2018-09-25,124.8799973,125.36575711518722
2018-09-26,125.1399994,125.65719460416972
2018-09-27,124.6100006,125.71670646571738
2018-09-28,124.3499985,125.51422244584396
2018-10-01,124.8199997,124.30648788940056
2018-10-02,125.70999910000002,123.97996594280545
2018-10-03,122.6999969,124.03227830601196
2018-10-04,122.1800003,123.67926340294316
2018-10-05,121.5,123.5884389623317
2018-10-08,121.7200012,123.53461485415127
2018-10-09,119.9199982,124.02546796974329
2018-10-10,117.7799988,123.27845640381761
2018-10-11,116.75,122.94721960903651
2018-10-12,116.7600021,122.28143814185809
2018-10-15,115.6299973,121.69649761135446
2018-10-16,118.0400009,121.76398729538826
2018-10-17,117.7300034,120.43453481688611
2018-10-18,116.6699982,119.39162536591625
2018-10-19,116.3199997,118.54739812072698
2018-10-22,117.0999985,117.62611678518374
2018-10-23,117.9700012,118.66444609791579
2018-10-24,114.5699997,118.63721972061316
2018-10-25,116.6600037,117.66632022082685
2018-10-26,117.3000031,117.0711417342622
2018-10-29,115.3099976,116.26801599103717
2018-10-30,116.2399979,116.6357591817727
2018-10-31,117.0500031,115.54962280521188
,117.6999969,116.25150653850018
2018-11-02,115.4599991,116.63040071938988
2018-11-05,115.4100037,115.38202866191482
2018-11-06,117.5800018,116.45482875360668
2018-11-07,119.3099976,116.42459385412823
2018-11-08,117.2900009,116.55164030302575
2018-11-09,117.2399979,116.38157647734555
2018-11-12,115.5699997,115.83338182714863
2018-11-13,115.1100006,116.59350516136297
2018-11-14,116.8799973,117.9547192520895
2018-11-15,117.0,118.6612280269317
2018-11-16,116.9599991,119.1633967781701
2018-11-19,117.1399994,117.91195632743113
2018-11-20,117.2900009,116.67314867627623
2018-11-21,119.25,117.69163072331104
2018-11-23,119.7099991,118.15814624160012
2018-11-26,121.2699966,118.68439813801714
2018-11-27,121.0,118.74154509158579
2018-11-28,121.5800018,118.05510809902113
2018-11-29,121.7799988,118.51678902694806
2018-11-30,121.4800034,118.96733393249285
2018-12-03,123.5100021,119.81603654151581
2018-12-04,120.8799973,120.09247632293524
2018-12-06,121.8300018,120.17304783971367
2018-12-07,119.9700012,120.52670635697929
2018-12-10,120.9400024,120.24266294737419
2018-12-11,120.4100037,121.65309107249927
2018-12-12,121.8899994,120.9241007040845
2018-12-13,120.7799988,121.09257794593069
2018-12-14,120.0999985,120.33193073969566
2018-12-17,119.5500031,119.90190664958898
2018-12-18,120.0100021,120.46176119418872
2018-12-19,119.3799973,120.78795384979941
2018-12-20,118.4499969,121.30274043284987
2018-12-21,113.9599991,120.75147738938904
2018-12-24,111.8099976,120.3592469236304
2018-12-26,113.7200012,119.92724708761719
2018-12-27,115.4800034,119.75749758514938
2018-12-28,116.3399963,119.33748693452343
2018-12-31,116.0800018,116.74646082362543
2019-01-02,116.2799988,113.8610635404292
2019-01-03,114.6500015,113.52436350886114
2019-01-04,119.7300034,114.1565123923128
2019-01-07,121.2799988,115.82929562538743
2019-01-08,122.3099976,116.85334568361331
2019-01-09,122.9199982,116.37216174874558
2019-01-10,122.9199982,114.77153814457469
2019-01-11,125.0699997,116.61302313607578
2019-01-14,125.3899994,118.70128178485461
2019-01-15,126.27999880000002,120.53513321262601
2019-01-16,125.66000370000002,122.63063626306203
2019-01-17,124.9199982,122.26832637356942
2019-01-18,125.3499985,123.16766495533277
2019-01-22,123.5999985,123.75883207899632
2019-01-23,122.4700012,124.58514290107881
2019-01-24,122.8300018,124.75528156561911
2019-01-25,123.7200012,124.1457340179162
2019-01-28,122.4800034,124.1709098104522
2019-01-29,122.2699966,123.3685923269162
2019-01-30,123.0400009,122.87273997546983
2019-01-31,123.1699982,123.03548456063272
2019-02-01,122.0,123.63114201590199
2019-02-04,122.9000015,123.93148532923581
2019-02-05,123.4700012,124.33592949696198
2019-02-06,121.0500031,124.59792537838307
2019-02-07,118.1100006,124.51428546834073
2019-02-08,117.3099976,124.15339751718993
2019-02-11,117.1500015,124.40189246824984
2019-02-12,119.7799988,124.43003187964563
2019-02-13,119.6299973,122.93193751380508
2019-02-14,119.25,120.61784512080315
2019-02-15,121.1500015,118.36703646789768
2019-02-19,121.4899979,116.59060141359129
2019-02-20,122.7900009,117.86373016598583
2019-02-21,121.2399979,119.303330478776
2019-02-22,121.8199997,119.67291470546985
2019-02-25,122.4100037,120.35391839679163
2019-02-26,123.2300034,119.98541184968313
2019-02-27,122.3199997,120.81865275021045
2019-02-28,121.0400009,120.9215112795252
2019-03-01,120.3399963,121.20010642011539
2019-03-04,118.4199982,121.70023955435921
2019-03-05,118.2600021,122.25180195326041
2019-03-06,117.9800034,122.80236151143635
2019-03-07,117.2399979,122.32538352050597
2019-03-08,117.7099991,121.72866335342334
2019-03-11,119.1299973,119.9551021113446
2019-03-12,118.7600021,119.22433057805956
2019-03-13,119.3099976,118.7759260639135
2019-03-14,117.6999969,118.0232417123926
2019-03-15,118.9700012,118.30798860728261
2019-03-18,119.5100021,118.93332715446562
2019-03-19,119.7300034,119.07381466263621
2019-03-20,119.6699982,119.77487516846348
2019-03-21,120.4400024,119.26871002209599
2019-03-22,120.2200012,119.19658032873629
2019-03-25,120.4899979,119.74929524608295
2019-03-26,121.7699966,120.06709098159098
2019-03-27,121.0299988,120.7884926895921
2019-03-28,119.0699997,120.83847008036363
2019-03-29,118.0199966,120.50362605252595
2019-04-01,119.8799973,120.20891062147128
2019-04-02,120.6500015,120.4365704338807
2019-04-03,121.0699997,119.96730084554011
2019-04-04,122.0800018,118.99240495062472
2019-04-05,122.5400009,117.94220619468159
2019-04-08,122.2399979,118.2382088541299
2019-04-09,122.0599976,119.1228041804545
2019-04-10,122.1800003,120.60982239500096
2019-04-11,121.0400009,122.2319696553352
2019-04-12,122.4000015,122.61318384088784
2019-04-15,121.9700012,122.62445457321817
2019-04-16,121.75,122.51263034846401
2019-04-17,124.0800018,122.45938998339233
2019-04-18,125.1600037,121.85127934180323
2019-04-22,124.1600037,122.38010569500753
2019-04-23,124.9400024,122.30388979988663
2019-04-24,122.8799973,121.96615699204928
2019-04-25,123.1900024,123.20957471698604
2019-04-26,123.6200027,123.66076323672765
2019-04-29,123.8099976,123.6114144923809
2019-04-30,123.5999985,124.16427908744777
2019-05-01,122.9199982,122.72855542761052
2019-05-02,122.5899963,122.15292485130271
2019-05-03,123.6500015,122.65042365767118
2019-05-06,122.9800034,122.75024372926609
2019-05-07,122.5,123.50337711394755
2019-05-08,121.7600021,123.28507215905002
2019-05-09,119.3199997,122.92132536344359
2019-05-10,119.2699966,123.18790138310248
2019-05-13,118.2600021,122.98384574716707
2019-05-14,119.0699997,122.8039031919543
2019-05-15,120.6399994,122.53710265571512
2019-05-16,119.9000015,120.70135032089732
2019-05-17,118.4000015,119.83311476938952
2019-05-20,118.1100006,118.81978163592926
2019-05-21,118.25,118.64067727594956
2019-05-22,117.3199997,119.84267917570968
2019-05-23,117.4700012,119.73723122183561
2019-05-24,118.5500031,119.15640682863722
2019-05-28,119.4000015,118.24892577889553
2019-05-29,119.5500031,117.33638562221141
2019-05-30,119.75,116.83680629553228
2019-05-31,117.5800018,117.25593384760913
2019-06-03,118.1299973,118.00728606742032
2019-06-04,119.5400009,118.77806645531223
2019-06-05,120.2200012,119.4762232133678
2019-06-06,121.3000031,119.62407486537177
2019-06-07,122.3899994,118.34024415598361
2019-06-10,123.4899979,117.73298667739961
2019-06-11,124.9899979,118.21997810781072
2019-06-12,125.6800003,119.0586223740369
2019-06-13,124.7900009,120.7173808047297
2019-06-14,124.3899994,121.83743415268563
2019-06-17,124.3899994,122.66920821155507
2019-06-18,125.3700027,123.78754026572882
2019-06-19,125.2099991,124.77033914427025
2019-06-20,125.80000309999998,124.73128822707261
2019-06-21,124.8300018,124.43200762555213
2019-06-24,124.7900009,124.12299797221928
2019-06-25,123.9300003,124.49768620917163
2019-06-26,123.2900009,125.11248744485323
2019-06-27,123.6699982,125.91484983170528
2019-06-28,123.9899979,125.64992026696848
2019-07-01,125.7900009,125.11561570920522
2019-07-02,126.99999999999999,124.36736181820194
2019-07-03,126.83000180000002,123.33828258857767
2019-07-05,126.5699997,123.50179053011354
2019-07-08,126.8700027,123.67598546087099
2019-07-09,126.90000149999999,124.9490842777215
2019-07-10,127.3799973,126.35231290450544
2019-07-11,126.74999999999999,126.65951145742397
2019-07-12,127.70999910000002,126.45590485464913
2019-07-15,127.62999729999999,126.00019606775778
2019-07-16,128.6100006,125.61417722738703
2019-07-17,129.3600006,125.94997919263395
2019-07-18,129.8099976,126.17912081447325
2019-07-19,130.1699982,126.91206267470105
2019-07-22,131.1399994,127.27434262864962
2019-07-23,131.75,127.80140278475568
2019-07-24,133.0,128.72021443791576
2019-07-25,132.5,128.98780826607197
2019-07-26,131.9499969,129.54377118994677
2019-07-29,131.7299957,130.0823864660515
2019-07-30,131.1300049,130.51309907367107
2019-07-31,129.0500031,131.4453817216483
2019-08-01,129.6199951,131.8488380164212
2019-08-02,128.9499969,131.70594069695554
2019-08-05,128.3000031,131.59368240681283
2019-08-06,127.0500031,130.9595128741386
2019-08-07,128.2200012,129.88449755218792
2019-08-08,129.3500061,129.80554255478756
2019-08-09,128.9799957,129.46974058954063
2019-08-12,128.2299957,128.96989184296518
2019-08-13,129.4199982,128.46505882830738
2019-08-14,126.4800034,128.2607786757917
2019-08-15,127.3600006,128.66601613543486
2019-08-16,128.7899933,128.75401166713473
2019-08-19,129.6399994,128.60331613844716
2019-08-20,129.0299988,128.66173535263744
2019-08-21,129.8800049,126.96410561801122
2019-08-22,129.6499939,126.75599371585864
2019-08-23,127.8300018,127.71954403958361
2019-08-26,130.7799988,128.13548345622038
2019-08-27,130.4600067,128.9680059036908
2019-08-28,130.2899933,129.38472364447256
2019-08-29,130.5,128.98246477146117
2019-08-30,130.6300049,127.7174186159569
2019-09-03,131.5700073,128.8560170334444
2019-09-04,132.1000061,129.05333717197126
2019-09-05,131.1699982,129.41129143980635
2019-09-06,132.0500031,130.45999341854755
2019-09-09,132.8300018,130.1581233924678
2019-09-10,133.6199951,130.83972579467033
2019-09-11,135.5500031,131.65934602266032
2019-09-12,135.7899933,131.75014052772775
2019-09-13,136.6600037,132.33063562994172
2019-09-16,135.9400024,132.84636518262937
2019-09-17,137.8200073,133.45941518898476
2019-09-18,137.0500031,134.9962012454945
2019-09-19,136.5500031,135.4654858016071
2019-09-20,136.5599976,135.9500225174071
2019-09-23,136.3699951,135.63119400562977
2019-09-24,136.3699951,135.8117502394953
2019-09-25,136.6199951,135.74194055079855
2019-09-26,138.3200073,135.3333503102231
2019-09-27,136.2799988,135.65524721526435
2019-09-30,134.4900055,135.2497253679528
2019-10-01,133.2899933,135.63834860065487
2019-10-02,131.4700012,136.27184458358823
2019-10-03,131.1999969,137.20581858980358
2019-10-04,131.8200073,136.69058297359257
2019-10-07,131.1499939,135.56403361258037
2019-10-08,131.4299927,134.11087249834097
2019-10-09,133.0099945,131.88300943994065
2019-10-10,132.6499939,131.2970511009397
2019-10-11,135.4499969,131.59586770152762
2019-10-14,135.0700073,131.16792413173155
2019-10-15,136.8699951,131.4932785921092
2019-10-16,136.7599945,132.18458011058004
2019-10-17,135.9499969,131.92120719413322
2019-10-18,135.7700043,133.6379956769438
2019-10-21,136.3200073,134.13589861315677
2019-10-22,136.3500061,134.95677613399636
2019-10-23,137.3200073,135.8371505486116
2019-10-24,138.1499939,135.1298335140804
2019-10-25,138.2799988,135.22544764173793
2019-10-28,138.2799988,135.0263463383408
2019-10-29,138.6799927,135.05197116403738
2019-10-30,139.0200043,136.0127973532549
2019-10-31,138.5500031,136.96688804506385
2019-11-01,139.8300018,137.40637176708657
2019-11-04,140.5599976,137.74076676176367
2019-11-05,140.7400055,138.0670492240065
2019-11-06,140.3699951,138.53914772125867
2019-11-07,142.8600006,138.8748000087854
2019-11-08,144.3899994,140.17172751869018
2019-11-11,145.0599976,141.1726823046907
2019-11-12,144.5399933,141.7704801513587
2019-11-13,144.5599976,142.11424497131972
2019-11-14,143.8699951,143.1714037412517
2019-11-15,144.2700043,144.16939490839246
2019-11-18,143.6000061,144.87548458561812
2019-11-19,142.8500061,145.05931876155583
2019-11-20,141.3699951,144.01208362447247
2019-11-21,142.1399994,142.78531006202084
2019-11-22,142.5299988,142.41461822019758
2019-11-25,142.5399933,142.22051615265482
2019-11-26,141.9700012,141.93035092429395
2019-11-27,141.6600037,141.49231907615706
2019-11-29,140.2100067,141.290119443952
2019-12-02,140.2700043,141.6612453511638
2019-12-03,140.7299957,141.94073855807514
2019-12-04,143.3800049,142.19355919524855
2019-12-05,142.8300018,141.9472345711314
2019-12-06,142.7700043,140.79714090473328
2019-12-09,141.8899994,140.34078850364511
2019-12-10,141.1799927,140.4739418035264
2019-12-11,141.6199951,141.81997857342563
2019-12-12,141.6000061,142.69893104969904
2019-12-13,142.1000061,142.95812795775257
2019-12-16,142.5299988,142.43340277408146
2019-12-17,142.7700043,140.94698327041579
2019-12-18,142.3899994,140.78655868991584
2019-12-19,142.7599945,140.77947893375082
2019-12-20,141.9700012,141.30233314591953
2019-12-23,141.9600067,142.06595893878634
2019-12-24,141.3399963,142.4482059006083
2019-12-26,141.5299988,142.45895276091795
2019-12-27,141.2799988,142.46161702433733
2019-12-30,140.6100006,142.0122845083261
2019-12-31,140.5399933,141.82014321891782
2020-01-02,142.2400055,141.6967040030769
2020-01-03,140.75,141.77604816254976
2020-01-06,140.7700043,141.9824088353761
2020-01-07,141.5099945,141.55949443697847
2020-01-08,141.1600037,141.3790878808331
2020-01-09,140.5099945,141.96266634408303
2020-01-10,139.7299957,141.43677367419446
2020-01-13,140.5599976,141.1777114760891
2020-01-14,140.3699951,141.27748664436794
2020-01-15,139.3600006,140.5209106721221
2020-01-16,140.1000061,140.36506622985996
2020-01-17,140.0399933,139.91708081333044
2020-01-21,142.3800049,139.79278843448444
2020-01-22,141.5599976,139.6534534447593
2020-01-23,143.0599976,139.10397156616872
2020-01-24,142.7599945,139.24513262408018
2020-01-27,141.0599976,138.93194696235403
2020-01-28,142.5800018,140.03375459621878
2020-01-29,141.5500031,140.59763547149166
2020-01-30,141.0800018,141.42415584238242
2020-01-31,138.8399963,141.6332256819442
2020-02-03,138.9199982,140.24691063754176
2020-02-04,140.9499969,140.81827539882414
2020-02-05,141.7200012,140.2771455370202
2020-02-06,143.8500061,140.13317053796916
2020-02-07,142.3399963,139.5431858682951
2020-02-10,141.2799988,138.61433084011026
2020-02-11,142.1100006,139.52164724435974
2020-02-12,142.4299927,140.36204273991214
2020-02-13,141.1000061,142.46634684029536
2020-02-14,140.1499939,142.58688230836458
2020-02-18,139.3800049,141.37950697844965
2020-02-19,137.8399963,141.16094757142778
2020-02-20,139.1100006,140.6774436318971
2020-02-21,139.0399933,140.55569577429432
2020-02-24,134.4900055,140.50559864134664
2020-02-25,134.0299988,139.67569555397958
2020-02-26,135.1300049,138.25303875911493
2020-02-27,131.3999939,138.56511680571168
2020-02-28,130.75,138.60502088591443
2020-03-02,132.7100067,136.23542799426593
2020-03-03,130.9499969,134.94189816860944
2020-03-04,131.8500061,134.1256905926398
2020-03-05,129.1999969,131.64283657012334
2020-03-06,127.1100006,131.4112552014449
2020-03-09,122.7900009,132.16088612747393
2020-03-10,126.98999790000002,130.81294845052827
2020-03-11,122.7900009,131.81754040512942
2020-03-12,112.1999969,130.84822748917713
2020-03-13,116.2300034,128.360913070599
2020-03-16,108.5,125.41290559704716
2020-03-17,118.8899994,125.3063500280437
2020-03-18,116.0699997,123.99737346166359
2020-03-19,118.2300034,117.66394034507583
2020-03-20,116.4599991,117.5469522389751
2020-03-23,111.0999985,111.06023416914047
2020-03-24,116.3499985,114.4216664736299
2020-03-25,121.2900009,117.94448129602848
2020-03-26,126.3399963,118.1335092888568
2020-03-27,127.23999790000002,120.01391048760736
2020-03-30,125.2200012,114.1027930585365
2020-03-31,119.9499969,115.28580085560448
2020-04-01,119.9499969,118.25534695309169
2020-04-02,117.8199997,123.50432008358476
2020-04-03,115.0,128.93359499581905
2020-04-06,122.4100037,128.86797628328762
2020-04-07,121.9000015,124.51218998025807
2020-04-08,123.5400009,120.58843344878576
2020-04-09,123.4100037,117.50612015690719
2020-04-13,121.2600021,115.01340237263017
2020-04-14,124.6399994,118.66782881439208
2020-04-15,122.9899979,119.56224299916116
2020-04-16,121.8300018,120.94828862366725
2020-04-17,124.6100006,121.86561846739745
2020-04-20,121.7099991,118.8819577608963
2020-04-21,120.6699982,120.18614464023032
2020-04-22,121.4300003,120.0771792599318
2020-04-23,121.6800003,120.65075925147299
2020-04-24,122.5599976,123.86835126685955
2020-04-27,124.1999969,123.11253865098668
2020-04-28,125.4899979,123.04566264560566
2020-04-29,127.86000059999999,123.94066057348348
2020-04-30,123.5899963,123.23223592382286
2020-05-01,121.1200027,123.52629277290869
2020-05-04,120.6999969,124.85622422011545
2020-05-05,121.9599991,124.43506105104402
2020-05-06,121.5800018,125.40850507207357
2020-05-07,121.5199966,124.1583219141842
2020-05-08,121.5199966,121.87672455423558
2020-05-11,123.6200027,121.34614697170505
2020-05-12,120.1699982,120.48978086340834
2020-05-13,117.7600021,121.72474179715437
2020-05-14,116.9499969,122.63443807715487
,116.8899994,122.91276379784871
2020-05-18,119.4700012,124.13416393014548
2020-05-19,118.2200012,123.21467872724453
2020-05-20,119.8199997,121.32540163968667
2020-05-21,117.9499969,119.65514796008327
2020-05-22,117.5599976,117.61716605751636
2020-05-26,124.1100006,118.68888846962285
2020-05-27,126.8099976,119.54793380911097
2020-05-28,128.3600006,120.49901597874408
2020-05-29,126.0100021,119.9281152183943
2020-06-01,126.4499969,118.86547824390335
2020-06-02,126.4800034,121.67754841197836
2020-06-03,128.7299957,124.21323866972202
2020-06-04,128.1600037,127.00643447728102
2020-06-05,131.1000061,127.46684314458635
2020-06-08,132.0700073,126.49429718987794
2020-06-09,130.5899963,125.33872531892085
2020-06-10,131.0099945,125.94086381947436
2020-06-11,124.4400024,127.34846303568784
2020-06-12,127.81999970000001,129.14866691196048
2020-06-15,127.40000150000002,130.71326308888155
2020-06-16,129.6000061,130.2312110232367
2020-06-17,128.8800049,130.63800513116988
2020-06-18,129.1199951,127.11052036390134
2020-06-19,127.7900009,126.96914975718163
2020-06-22,128.1300049,127.42026343806313
2020-06-23,129.0899963,128.52716011441433
2020-06-24,127.80000309999998,130.52266347999125
2020-06-25,127.7699966,130.0730016729956
2020-06-26,126.1600037,129.3362130953589
2020-06-29,126.8899994,128.4352579942175
2020-06-30,125.62999729999999,129.00094996990467
2020-07-01,124.1399994,128.62168159471452
2020-07-02,126.38999940000001,128.83199375935388
2020-07-06,126.9800034,127.91875011738486
2020-07-07,124.9599991,127.09154122898123
2020-07-08,125.4100037,126.61065664955387
2020-07-09,123.8300018,125.45857226947722
2020-07-10,124.9700012,126.55817964085516
2020-07-13,125.0500031,126.91252667563364
2020-07-14,126.43000029999999,125.89069184766657
2020-07-15,127.3300018,126.0614741264037
2020-07-16,126.48999789999999,124.36100051509386
2020-07-17,127.05999759999999,124.24203666308662
2020-07-20,127.2799988,125.34085074254756
2020-07-21,126.26999659999998,126.27681546244145
2020-07-22,126.2600021,127.63588916176926
2020-07-23,125.86000059999999,127.38085329433703
2020-07-24,125.2099991,127.65756249565281
2020-07-27,127.56999970000001,127.71297318766726
2020-07-28,125.4599991,127.2031409371551
2020-07-29,123.9899979,127.2136034097964
2020-07-30,122.4599991,127.13063704949492
2020-07-31,119.3399963,126.24262907114999
2020-08-03,120.9400024,127.23678848865387
2020-08-04,122.9100037,126.48747188583727
2020-08-05,124.8199997,125.11971687873843
2020-08-06,128.3399963,124.12052828983614
2020-08-07,129.9600067,120.85593747030984
2020-08-10,130.5700073,120.73859013768066
2020-08-11,133.75,121.84327158377305
2020-08-12,136.4400024,123.72623227153888
2020-08-13,135.6399994,127.2141572173611
2020-08-14,134.2200012,129.08256923072443
2020-08-17,135.5299988,129.7236089707554
2020-08-18,136.0800018,131.32665735399337
2020-08-19,135.2100067,132.83503457921097
2020-08-20,134.0899963,133.12400238581034
2020-08-21,133.8300018,133.01803055991562
2020-08-24,134.7599945,132.89827341599138
2020-08-25,134.7899933,132.6081231554025
2020-08-26,134.8899994,132.8904303034534
2020-08-27,133.5599976,132.9332980025159
2020-08-28,133.9199982,132.29044716207065
2020-08-31,132.4299927,132.4835314211161
2020-09-01,132.3000031,133.03789279338488
2020-09-02,132.5200043,134.09873363523354
2020-09-03,129.9499969,134.1663580292155
2020-09-04,133.1699982,134.41269762110468
2020-09-08,131.2299957,134.10991456093174
2020-09-09,131.1300049,133.94018002623596
2020-09-10,130.1799927,134.58677280968598
2020-09-11,131.3399963,133.23319228268915
2020-09-14,133.7700043,134.28816575790637
2020-09-15,134.0299988,133.7637698652197
2020-09-16,134.0299988,132.97532750634534
2020-09-17,135.0,132.71614556606383
2020-09-18,134.25,131.82752390906612
2020-09-21,131.2200012,132.88754152345373
2020-09-22,132.25,133.5010555307417
2020-09-23,133.2899933,134.0784373363757
2020-09-24,131.8500061,134.37463457686027
2020-09-25,132.9700012,133.7856527479115
2020-09-28,136.0099945,132.13924272913442
2020-09-29,134.25,131.83189449849567
2020-09-30,132.4400024,132.0002370303937
2020-10-01,132.4299927,131.68872775913366
2020-10-02,131.7299957,133.05528534447097
2020-10-05,132.1000061,134.75751018510704
2020-10-06,131.2599945,134.42747081208745
2020-10-07,132.4299927,133.86629910355003
2020-10-08,132.9499969,133.26010433677936
2020-10-09,132.0800018,131.87260683838744
2020-10-12,131.8000031,132.21709011140538
2020-10-13,132.6499939,132.50777921178693
2020-10-14,131.5299988,133.05209720903093
2020-10-15,131.1699982,133.74344363081784
2020-10-16,130.6399994,133.3260523402952
2020-10-19,130.8800049,133.10330195710802
2020-10-20,131.3099976,132.82666759465235
2020-10-21,133.1399994,131.8286913952836
2020-10-22,133.4199982,131.45437735263172
2020-10-23,133.2799988,130.7910206645204
2020-10-26,132.8500061,130.45161146621692
2020-10-27,132.4600067,130.8370315957069
2020-10-28,130.0700073,131.90426367620768
2020-10-29,131.3500061,132.84325188604942
2020-10-30,131.2899933,132.8194082252231
2020-11-02,133.2400055,132.58716827457587
2020-11-03,135.8699951,131.72158201871542
2020-11-04,134.1600037,130.28017060551096
2020-11-05,137.0700073,130.57677197584002
2020-11-06,137.1999969,130.8789413573602
2020-11-09,139.6399994,131.9912713349543
2020-11-10,139.9400024,134.68791004521856
2020-11-11,142.4799957,134.5493384118664
2020-11-12,139.6900024,135.7144597213716
2020-11-13,141.6199951,135.94637038103446
2020-11-16,144.1100006,136.83048673865443
2020-11-17,142.7400055,138.30412376501587
2020-11-18,141.8300018,139.6622844302505
2020-11-19,140.9199982,139.40383591079797
2020-11-20,142.1300049,139.41919284488947
2020-11-23,143.2599945,140.94349577953534
2020-11-24,143.8399963,140.44324290311536
2020-11-25,141.3099976,141.01379940470872
2020-11-27,140.1600037,140.40411714705763
2020-11-30,134.4600067,140.1249382633587
2020-12-01,136.1399994,141.41168768829056
2020-12-02,136.3399963,142.80788146222554
2020-12-03,136.8500061,142.53700969199718
2020-12-04,138.2799988,141.5057301998861
2020-12-07,138.1499939,137.7030330085037
2020-12-08,138.7400055,136.17587122940222
2020-12-09,140.8800049,136.20490870711913
2020-12-10,143.0700073,136.47325092387626
2020-12-11,151.0,138.88003872899205
2020-12-14,153.5800018,138.8801734389402
2020-12-15,152.8500061,138.98204409530172
2020-12-16,155.0899963,139.90145445934257
2020-12-17,154.6399994,140.99628711144646
2020-12-18,153.7700043,145.88368377327583
2020-12-21,151.7700043,149.756190653355
2020-12-22,150.7700043,150.9574890678302
2020-12-23,151.1600037,152.74064465177315
2020-12-24,150.4700012,151.0791770543449
2020-12-28,152.6000061,149.8401299188377
2020-12-29,153.3399963,148.92455130443372
2020-12-30,154.0899963,147.41840427724694
2020-12-31,154.5700073,147.57673336966423
2021-01-04,153.2899933,148.09660899520117
2021-01-05,153.3999939,150.2267923734053
2021-01-06,153.5299988,152.07023814304085
2021-01-07,152.6699982,153.72633231031426
2021-01-08,152.8500061,155.28712667314252
2021-01-11,153.3899994,155.43869033260722
2021-01-12,151.75,155.79865028189283
2021-01-13,150.6499939,155.97253088943788
2021-01-14,151.3399963,155.805086423861
2021-01-15,148.4100037,156.42077075809175
2021-01-19,148.1300049,156.9156053010408
2021-01-20,149.9799957,155.9807332285043
2021-01-21,151.3399963,154.4926523021445
2021-01-22,147.9499969,153.40491437397765
2021-01-25,146.7200012,150.7778309002858
2021-01-26,145.9799957,149.32231984583942
2021-01-27,142.6399994,150.0259099051379
2021-01-28,143.3000031,150.61746619087396
2021-01-29,140.5200043,150.10149715383398
2021-02-01,140.4100037,148.91411876733648
2021-02-02,143.1199951,146.7381340067541
2021-02-03,148.0700073,143.54041919260882
2021-02-04,148.0200043,143.41521377966964
2021-02-05,150.8600006,141.79972717788388
2021-02-08,152.9299927,140.9179008893828
2021-02-09,154.0,142.3733969760572
2021-02-10,161.5599976,144.8630463670703
2021-02-11,158.9400024,147.00599725480666
2021-02-12,160.4900055,149.3264060476006
2021-02-16,156.4799957,150.80679353914263
2021-02-17,156.5299988,150.57467333067154
2021-02-18,153.4499969,155.1528208548158
2021-02-19,153.5500031,155.87205223587415
2021-02-22,152.4400024,156.88596911244315
2021-02-23,152.7299957,155.78678083868175
2021-02-24,152.4499969,153.03133375215472
2021-02-25,149.2599945,151.68429414153022
2021-02-26,147.9299927,150.74708709655874
2021-03-01,149.3399963,151.1227332709203
2021-03-02,149.2100067,151.34064906374533
2021-03-03,148.8300018,152.27701791348375
2021-03-04,146.8500061,150.8678770167523
2021-03-05,148.5200043,149.87582805510309
2021-03-08,148.2299957,150.1231255844015
2021-03-09,151.5399933,150.16801393268656
2021-03-10,151.8800049,151.10987595475595
2021-03-11,150.3600006,150.95971926586105
2021-03-12,150.5299988,150.9400815489721
2021-03-15,152.8999939,150.7260424091
2021-03-16,152.1000061,152.26055336426282
2021-03-17,153.6399994,153.52803926660619
2021-03-18,157.7100067,152.11059125640418
2021-03-19,158.5800018,151.60706043791203
2021-03-22,154.4799957,151.19685367795853
2021-03-23,151.3399963,150.50607603150834
2021-03-24,150.6699982,151.80418599540263
2021-03-25,150.6699982,154.64584744875927
2021-03-26,153.3699951,155.97540470166555
2021-03-29,154.8999939,155.4629830265941
2021-03-30,153.8699951,153.4505660786357
2021-03-31,156.0599976,150.64285153221823
2021-04-01,154.1600037,149.87117307800517
2021-04-05,155.3800049,152.481717163616
2021-04-06,153.6499939,155.78450573733485
2021-04-07,154.6999969,157.0975236021601
2021-04-08,153.3800049,158.24850036710734
2021-04-09,154.2799988,156.94465774652977
2021-04-12,154.0899963,156.2004301861996
2021-04-13,155.7700043,155.55702553818966
2021-04-14,156.2200012,154.91236359733008
2021-04-15,157.3099976,154.91628515359906
2021-04-16,157.5700073,154.70633221548815
2021-04-19,156.4100037,155.04604076923204
2021-04-20,154.1000061,155.39878625240448
2021-04-21,155.1399994,155.96368493617464
2021-04-22,154.7799988,156.33671175043287
2021-04-23,154.9900055,156.70861598178968
2021-04-26,153.5399933,155.7768422380611
2021-04-27,152.8099976,154.13832023513802
2021-04-28,153.2599945,153.81375906667742
2021-04-29,152.4299927,153.94695726987476
2021-04-30,150.7700043,154.61133176648337
2021-05-03,152.2299957,155.08892343606655
2021-05-04,150.5899963,154.32236395988403
2021-05-05,151.4199982,153.89329780718654
2021-05-06,152.9600067,153.001682595785
2021-05-07,153.6499939,152.28872271120264
2021-05-10,155.0599976,152.82244352585715
2021-05-11,152.2400055,151.95263635828735
2021-05-12,153.5200043,152.02105404418634
2021-05-13,155.2299957,152.9293732891611
2021-05-14,155.8500061,152.6168761449478
2021-05-17,158.6799927,153.7104515042021
2021-05-18,160.6600037,152.63262224111182
2021-05-19,159.2899933,152.16522362427364
2021-05-20,160.2200012,152.96728665568529
2021-05-21,161.1600037,153.21654496311817
2021-05-24,162.7799988,155.78938523101306
2021-05-25,162.2400055,157.67804863991813
2021-05-26,164.0200043,157.50440751672537
2021-05-27,165.5500031,158.06367831821638
2021-05-28,165.9799957,158.07421562971777
2021-06-01,172.3399963,158.7009012763825
2021-06-02,176.6300049,159.65415377295838
2021-06-03,179.6699982,161.11277812398473
2021-06-04,182.4100037,162.71277308173083
2021-06-07,180.8000031,163.80098997860227
2021-06-08,179.6100006,167.93353196196801
2021-06-09,180.5399933,171.591161506942
2021-06-10,180.1799927,174.65097823747595
2021-06-11,181.4700012,177.56243441175732
2021-06-14,181.4700012,176.53218769591555
2021-06-15,182.4499969,174.78169179051815
2021-06-16,183.8399963,173.9867234830435
2021-06-17,185.1999969,173.34054979721
2021-06-18,177.0299988,174.78152714502593
2021-06-21,178.8800049,176.45799245001723
2021-06-22,179.3899994,178.19953762774728
2021-06-23,177.7100067,180.31098135538357
2021-06-24,177.6699982,182.03993863684562
2021-06-25,178.1000061,179.80421749813533
2021-06-28,177.0700073,179.41171761248034
2021-06-29,176.7299957,179.68318809358945
2021-06-30,174.8399963,178.7057327096588
2021-07-01,175.4799957,180.71235712984586
2021-07-02,176.0299988,180.71723662352406
2021-07-06,174.9299927,179.38755962844164
2021-07-07,175.6499939,178.9905394756369
2021-07-08,174.2299957,177.65905138014017
2021-07-09,177.7899933,176.8985239160813
2021-07-12,178.8999939,177.14146582372214
2021-07-13,179.1799927,176.60458680917162
2021-07-14,180.0,177.16881194320092
2021-07-15,178.9299927,176.38608727323782
2021-07-16,178.1300049,177.42447645705795
2021-07-19,176.3000031,178.70954949152366
2021-07-20,178.1199951,178.5565040226291
2021-07-21,179.6799927,179.24919754389774
2021-07-22,177.9900055,177.74839401132175
2021-07-23,179.8500061,176.4049466659818
2021-07-26,179.5,175.32753650050807
2021-07-27,178.4400024,175.5544030210005
2021-07-28,179.8699951,176.9852322193875
2021-07-29,181.4199982,177.45337922482668
2021-07-30,181.4199982,179.20139048006894
2021-08-02,181.8800049,179.62165558281924
2021-08-03,185.9499969,179.03086265345615
2021-08-04,182.1799927,180.05223348049063
2021-08-05,182.8600006,180.7595056117058
2021-08-06,180.7200012,181.4743514355626
2021-08-09,180.5700073,182.06261481145444
2021-08-10,179.8999939,183.6916921502335
2021-08-11,181.3800049,181.99937597467405
2021-08-12,180.9400024,180.90439364485
2021-08-13,181.3399963,179.55001982593618
2021-08-16,180.6000061,177.38334501954964
2021-08-17,178.1699982,177.31814540463475
2021-08-18,175.7299957,177.7909324193998
2021-08-19,168.5500031,178.50110829838667
2021-08-20,168.5500031,178.79049520260259
2021-08-23,168.7400055,178.80960904747087
2021-08-24,171.0200043,177.05402409958697
2021-08-25,173.75,175.23195230839457
2021-08-26,171.5899963,169.94109935179225
2021-08-27,173.8800049,166.98782322248974
2021-08-30,172.8600006,165.97844158084249
2021-08-31,174.2299957,166.75826250303388
2021-09-01,176.2100067,170.7156067149169
2021-09-02,176.2400055,170.66368351378287
2021-09-03,179.2700043,171.2793528802416
2021-09-07,181.6399994,170.13184863840274
2021-09-08,180.0,169.53740357266705
2021-09-09,180.0700073,171.56703345844733
2021-09-10,176.3000031,171.91659080617973
2021-09-13,178.4600067,174.55183171562192
2021-09-14,179.3899994,176.74676567558035
2021-09-15,181.7100067,176.36661420184106
2021-09-16,181.9400024,176.52937375477597
2021-09-17,180.9499969,173.9649453747558
2021-09-20,176.7100067,173.30548030736944
2021-09-21,181.8999939,174.54027659562323
2021-09-22,181.5899963,177.06321431160666
2021-09-23,182.7899933,180.07645133561743
2021-09-24,182.5700073,181.05461020483295
2021-09-27,186.5200043,179.9423251305549
2021-09-28,184.8500061,181.30702671216187
2021-09-29,185.4499969,182.41751565379764
2021-09-30,177.75,184.02222545972973
2021-10-01,177.6199951,186.2322169983393
2021-10-04,171.8099976,187.29156106298606
2021-10-05,172.1399994,187.33953277230705
2021-10-06,166.9700012,186.80112704501056
2021-10-07,169.4700012,182.56313710777076
2021-10-08,171.9700012,178.13001232671888
2021-10-11,175.1499939,173.04239177859097
2021-10-12,177.1300049,169.55862787339
2021-10-13,175.7700043,166.95481928518777
2021-10-14,175.5099945,166.30734340318864
2021-10-15,176.2700043,168.61504455753843
2021-10-18,178.5500031,170.81348097614932
2021-10-19,178.6699982,174.34348032911706
2021-10-20,177.75,174.11659884085262
2021-10-21,174.0200043,173.5412825877572
2021-10-22,173.3999939,172.75945598411525
2021-10-25,172.2299957,173.54039948920808
2021-10-26,173.1999969,175.0335245547383
2021-10-27,174.0899963,175.47924983769295
2021-10-28,176.4799957,173.98072140646386
2021-10-29,176.5700073,171.85122654577262
2021-11-01,179.9799957,169.96651462868056
2021-11-02,179.6100006,169.66073801410383
2021-11-03,181.0700073,171.0858644913516
2021-11-04,181.4799957,173.5183968643401
2021-11-05,179.2799988,175.46838323520714
2021-11-08,180.4799957,177.99278779284845
2021-11-09,176.3200073,179.55805751951038
2021-11-10,177.3600006,180.7822566251747
2021-11-11,179.0299988,182.22449126584024
2021-11-12,184.3999939,181.49318089276252
2021-11-15,184.3899994,182.3342499380558
2021-11-16,187.4299927,180.49502508012955
2021-11-17,186.2100067,180.1542987178884
2021-11-18,184.6499939,181.15944448005425
2021-11-19,185.9600067,183.03418786098163
2021-11-22,185.0899963,184.48905530123122
2021-11-23,185.0599976,185.2504808316112
2021-11-24,184.8099976,184.24690668550735
2021-11-26,179.8300018,181.13875901912394
2021-11-29,177.4700012,181.0949184148802
2021-11-30,177.8500061,180.14365663198285
2021-12-01,178.2899933,181.28536834605032
2021-12-02,183.1600037,182.6534676119056
2021-12-03,182.4600067,180.72175689067382
2021-12-06,184.5899963,178.5991472051113
2021-12-07,187.4400024,177.32631780815714
2021-12-08,182.4799957,176.8860108586734
2021-12-09,180.7700043,180.55518055587405
2021-12-10,182.3500061,182.2536335179613
2021-12-13,176.1199951,183.4527316699497
2021-12-14,180.7799988,185.03208607008156
2021-12-15,186.75,181.84190004526184
2021-12-16,187.3399963,180.12809014908308
2021-12-17,184.0399933,179.62018874116137
2021-12-20,181.9499969,175.56122832504118
2021-12-21,182.8200073,177.67530638055283
2021-12-22,181.3600006,181.78563619024231
2021-12-23,183.7799988,183.15355584283338
2021-12-27,185.8999939,184.36549634321412
2021-12-28,184.75,181.93525403934453
2021-12-29,183.6799927,179.754404752856
2021-12-30,184.0800018,178.18281862640202
2021-12-31,185.3000031,179.97061421967086
2022-01-03,186.2899933,182.7053758452676
2022-01-04,199.1900024,183.42779536176602
2022-01-05,196.9499969,184.21144803359428
2022-01-06,199.75,184.41911090258628
2022-01-07,200.4400024,184.86588392958228
2022-01-10,200.3500061,185.83540639434284
2022-01-11,201.8999939,192.63481618942697
2022-01-12,206.6100006,194.40750930072863
2022-01-13,211.3699951,196.1906798524436
2022-01-14,210.6900024,197.40860746163196
2022-01-18,207.4700012,193.6799708061997
2022-01-19,202.4199982,194.01509922170575
2022-01-20,201.4700012,195.81844633010238
2022-01-21,199.7700043,198.9108928036378
2022-01-24,197.6999969,200.98333051739252
2022-01-25,197.0099945,200.80449557730918
2022-01-26,194.1699982,197.89456611577376
2022-01-27,189.9600067,195.9692765687381
2022-01-28,193.1300049,195.03058771433675
2022-01-31,198.4499969,195.0936319700809
2022-02-01,196.4299927,196.4552352228799
2022-02-02,199.6600037,194.7660772472165
2022-02-03,199.5299988,191.9431704121997
2022-02-04,196.8800049,192.38850653308185
2022-02-07,197.2400055,194.84030242865884
2022-02-08,200.3200073,196.32428218548543
2022-02-09,201.3699951,199.61954196987872
2022-02-10,194.4100037,199.6603441164026
2022-02-11,192.7100067,196.5227099391417
2022-02-14,188.9700012,196.18357016073455
2022-02-15,189.3999939,196.77300102284389
2022-02-16,190.3000031,197.57371695477386
2022-02-17,186.5399933,195.74252979042186
2022-02-18,188.9700012,193.60837995263267
2022-02-22,185.6399994,189.04117386983435
2022-02-23,183.8399963,185.76905426098247
2022-02-24,182.2299957,187.2865618271317
2022-02-25,185.3800049,186.13085524622645
2022-02-28,182.9499969,187.84069868282018
2022-03-01,181.7100067,187.102727651194
2022-03-02,179.1499939,184.82985650233246
2022-03-03,176.0899963,184.40689720061874
2022-03-04,170.75,184.92794031237315
2022-03-07,160.1699982,185.60283715271117
2022-03-08,156.3399963,185.97291531588164
2022-03-09,164.0500031,184.9113560209761
2022-03-10,164.4299927,180.68719630508187
,158.2700043,175.32963198859073
2022-03-14,161.0899963,165.64090335404137
2022-03-15,165.9299927,157.76978611462275
2022-03-16,171.8899994,158.0794992532405
2022-03-17,171.7400055,159.1953616250311
2022-03-18,171.7400055,158.97059059262133
2022-03-21,171.8000031,160.72876496506453
2022-03-22,172.8200073,160.99757118275426
2022-03-23,175.7799988,164.47458462277461
2022-03-24,180.2700043,169.54113054789977
2022-03-25,178.4299927,171.6467069089046
2022-03-28,178.4299927,171.23238401164588
2022-03-29,184.8099976,170.29677851828043
2022-03-30,180.6199951,171.97224098254645
2022-03-31,180.25,175.31800202973196
2022-04-01,180.3699951,175.57772280980615
2022-04-04,182.5800018,174.92313723609797
2022-04-05,177.6600037,175.98936647587348
2022-04-06,176.5200043,172.6716250979076
2022-04-07,174.4900055,172.15694328926128
2022-04-08,170.7799988,172.44086695669023
2022-04-11,169.6399994,173.17493139981946
2022-04-12,165.7299957,174.40618032610476
2022-04-13,168.4400024,175.76746925569137
2022-04-14,167.2599945,176.54679624140613
2022-04-18,170.2700043,174.85078302615798
2022-04-19,171.4499969,175.26081017284724
2022-04-20,175.4499969,173.51684021605013
2022-04-21,173.6699982,174.2227802155556
2022-04-22,169.5299988,173.9862445143389
2022-04-25,172.1600037,174.474029236667
2022-04-26,166.8200073,174.87209713351308
2022-04-27,168.0399933,174.66462884555733
2022-04-28,172.9700012,173.89206729279516
2022-04-29,171.0,170.2025114901046
2022-05-02,170.6900024,169.48443262749169
2022-05-03,172.0599976,165.80795865754575
2022-05-04,174.8500061,165.12670051409967
2022-05-05,169.9299927,168.52272333972505
2022-05-06,173.3000031,168.36714831735927
2022-05-09,168.4700012,169.8773516107632
2022-05-10,166.4499969,170.5695362277832
2022-05-11,157.0599976,170.2717374356926
2022-05-12,158.5399933,168.94283876475515
2022-05-13,161.3300018,170.90858619955824
2022-05-16,159.2100067,169.77859425098166
2022-05-17,159.9799957,167.8252850347264
2022-05-18,155.4799957,164.4829815428773
2022-05-19,155.8899994,161.55884766569582
2022-05-20,158.6600037,163.18347957618522
2022-05-23,161.3500061,163.1036265124637
2022-05-24,160.6000061,165.6105487123868
2022-05-25,161.0299988,162.65152495862895
2022-05-26,165.5299988,159.50202133815696
2022-05-27,166.8300018,159.70386174383356
2022-05-31,166.3699951,160.05632283933764
2022-06-01,168.6999969,161.4105769160753
2022-06-02,170.2400055,161.54548144528283
2022-06-03,164.8099976,162.85623917653322
2022-06-06,165.5800018,163.36393103564663
2022-06-07,166.25,163.84959033434805
2022-06-08,166.25,165.26051239594977
2022-06-09,164.5099945,165.34467617801278
2022-06-10,161.3000031,162.8247619519772
2022-06-13,155.5,162.17737587661017
2022-06-14,155.1600037,162.09830113703364
2022-06-15,156.75,161.59791355066548
2022-06-16,154.4600067,162.8543532372588
2022-06-17,153.9499969,162.46502651927185
2022-06-21,159.0899963,158.8931473401949
2022-06-22,159.1399994,157.2843363647296
2022-06-23,157.5200043,158.14963823292166
2022-06-24,159.0800018,158.24833572161515
2022-06-27,156.5299988,159.34415624667227
2022-06-28,157.1100006,162.28235982955164
2022-06-29,155.6699982,162.6196286364564
2022-06-30,154.1699982,161.90882411104474
2022-07-01,155.4700012,161.90065170752237
2022-07-05,154.6699982,158.10229517002549
2022-07-06,152.8300018,156.6774830159901
2022-07-07,157.1499939,155.38995526691326
2022-07-08,156.7599945,153.84092557289196
2022-07-11,155.1699982,154.2682255284912
2022-07-12,155.4299927,153.38776130724384
2022-07-13,155.4400024,152.3595053050806
2022-07-14,153.1399994,154.20471727181445
2022-07-15,156.6999969,154.50302496815368
2022-07-18,156.75,154.24010108486743
2022-07-19,160.4199982,155.2406218054794
2022-07-20,157.8999939,154.56764083995984
2022-07-21,159.1799927,153.89683020138304
2022-07-22,160.3000031,156.77721328095288
2022-07-25,159.4199982,158.68936112415582
2022-07-26,158.0599976,161.30466496126868
2022-07-27,160.0500031,162.36599973959397
2022-07-28,159.5099945,162.14458148811647
2022-07-29,162.5899963,162.3577075938954
2022-08-01,166.7700043,160.9227173548871
2022-08-02,163.6600037,160.31777988096604
2022-08-03,163.1300049,160.04648901312115
2022-08-04,156.6600037,159.1486322407877
2022-08-05,157.3099976,160.5092925239495
2022-08-08,156.1999969,163.32208114508143
2022-08-09,152.9400024,162.6343269885791
2022-08-10,157.8899994,162.71025849603163
2022-08-11,158.6000061,158.63826115048286
2022-08-12,161.3099976,155.80008718800667
2022-08-15,160.4600067,155.5584025732154
2022-08-16,159.4199982,153.31145560549083
2022-08-17,160.7700043,156.50691028606124
2022-08-18,159.1300049,157.62456879049415
2022-08-19,156.4600067,159.24735966502521
2022-08-22,154.3200073,160.70028129491232
2022-08-23,153.4799957,158.9195055867204
2022-08-24,154.5,158.6663855941066
2022-08-25,156.0,157.56414389485332
2022-08-26,151.7700043,156.37633144296726
2022-08-29,151.7700043,155.12355886051859
2022-08-30,150.1699982,153.8501606882277
2022-08-31,149.3699951,153.84091060511994
2022-09-01,146.8000031,154.7633145235646
2022-09-02,145.5599976,153.34465412382903
2022-09-06,143.9400024,152.1585929012692
2022-09-07,143.3399963,150.2322406424202
2022-09-08,144.1300049,148.3807571792104
2022-09-09,145.5899963,147.6496264193969
2022-09-12,145.0399933,146.7680845185642
2022-09-13,140.2299957,145.75295525246165
2022-09-14,141.4700012,145.1264791546052
2022-09-15,140.4499969,145.99784297046497
2022-09-16,140.7400055,146.8541492076736
2022-09-19,141.4499969,147.0932593656776
2022-09-20,140.7299957,144.92670430146723
2022-09-21,137.5800018,143.7154074152833
2022-09-22,139.0500031,142.19936669079195
2022-09-23,137.2799988,141.37910284860513
2022-09-26,135.6199951,142.4453021528366
2022-09-27,135.7400055,141.66889388266554
2022-09-28,136.8899994,139.16942563320794
2022-09-29,133.7599945,138.77942536548014
2022-09-30,130.2899933,137.24717454389216
2022-10-03,135.5899963,135.9762161184404
2022-10-04,139.8500061,136.7544803923418
2022-10-05,138.0899963,136.80903792135118
2022-10-06,136.1699982,135.96172731512598
2022-10-07,135.8500061,133.92402980022743
2022-10-10,134.8600006,135.3775351732233
2022-10-11,135.0599976,137.9186437644378
2022-10-12,135.0,139.11602062264404
2022-10-13,136.3800049,139.7336208316932
2022-10-14,134.1100006,138.0576943664946
2022-10-17,136.1600037,135.45851081984623
2022-10-18,134.2599945,135.42421965415062
2022-10-19,132.9700012,136.08010742402448
2022-10-20,133.2400055,136.74897225223881
2022-10-21,133.7599945,136.14303193759247
2022-10-24,134.7400055,136.34958719145507
2022-10-25,137.0700073,135.24616303821227
2022-10-26,137.9299927,133.27071648714087
2022-10-27,136.4700012,133.3308420273413
2022-10-28,139.5200043,132.9598657978497
2022-10-31,138.8099976,134.22735170019305
2022-11-01,135.1600037,136.41893287921923
2022-11-02,135.3899994,137.9873757735492
2022-11-03,135.25,137.75504601626983
2022-11-04,137.3500061,138.81442001646062
2022-11-07,137.2599945,138.78445453687854
2022-11-08,137.5,136.84285011834214
2022-11-09,134.5299988,136.64509591442675
2022-11-10,140.5200043,135.63755530873786
2022-11-11,143.2599945,136.4319698086478
2022-11-14,142.1199951,137.76405661502528
2022-11-15,143.75,138.39177503795932
2022-11-16,142.1199951,137.02265796360675
2022-11-17,142.9299927,138.39054768065375
2022-11-18,143.1900024,140.45955777461612
2022-11-21,142.1600037,141.06768338397723
2022-11-22,145.3300018,143.38593681760042
2022-11-23,146.7100067,141.919379547404
2022-11-25,148.2700043,141.56753213055268
2022-11-28,146.5099945,142.36923593543588
2022-11-29,145.3999939,141.53644406806916
2022-11-30,147.6900024,143.35496849729307
2022-12-01,147.6600037,144.84113354883445
2022-12-02,146.5299988,146.49715287724774
,143.1900024,146.81916952446514
2022-12-06,141.0899963,145.69938559640553
2022-12-07,141.8600006,146.1696580254714
2022-12-08,142.2799988,146.07591486931622
2022-12-09,143.3399963,146.60390302728746
2022-12-12,144.1199951,145.4874419446161
2022-12-13,144.5,143.03745714945342
2022-12-14,144.6499939,142.30839194217853
2022-12-15,141.6600037,142.44111117667126
2022-12-16,140.4299927,143.7235049799456
2022-12-19,139.6100006,145.2327653037123
2022-12-20,138.8300018,145.5720996631557
2022-12-21,137.4600067,145.36924144898182
2022-12-22,137.0,143.6712824233712
2022-12-23,137.1399994,141.81137210451467
2022-12-27,136.1600037,140.41673497886967
2022-12-28,134.1300049,139.4420186972185
2022-12-29,137.4100037,139.08494752793254
2022-12-30,136.5800018,138.31099397237261
2023-01-03,138.2799988,137.6962675755511
2023-01-04,137.1900024,136.7167167035378
2023-01-05,135.5200043,135.0319293173039
2023-01-06,138.9700012,136.21382949924248
2023-01-09,139.9400024,136.04445419107515
2023-01-10,139.1399994,137.0390027706515
2023-01-11,138.8500061,137.94564562516015
2023-01-12,142.3600006,136.27408974939107
2023-01-13,140.3000031,138.09816722203405
2023-01-17,144.7700043,139.07282363259714
2023-01-18,145.5099945,139.82119726577656
2023-01-19,144.1799927,140.78358010328404
2023-01-20,146.1100006,141.57036103946427
2023-01-23,146.0299988,140.84532216286252
2023-01-24,146.0099945,142.9671984275961
2023-01-25,146.1499939,144.66982739807665
2023-01-26,145.4700012,143.82762080210995
2023-01-27,147.1600037,145.18554198299228
2023-01-30,145.1799927,144.51513547426
2023-01-31,147.1100006,144.29971929936212
2023-02-01,148.5800018,145.24324274412564
2023-02-02,146.6199951,145.25502238070462
2023-02-03,144.7100067,146.5504381456355
2023-02-06,143.7899933,146.73132367048547
2023-02-07,144.6399994,147.74081008653684
2023-02-08,143.8300018,149.10040765788528
2023-02-09,144.8300018,148.12072207592382
2023-02-10,143.4199982,147.0934389789418
2023-02-13,143.8600006,145.27817752401805
2023-02-14,142.6499939,144.24252744247744
2023-02-15,140.9700012,143.9658481767057
2023-02-16,142.6999969,144.68549865538057
2023-02-17,142.8500061,144.2794080327323
2023-02-21,139.1799927,143.87237444044686
2023-02-22,138.6499939,143.10243224778802
2023-02-23,138.9499969,141.4890561018569
2023-02-24,136.0500031,142.2187798911006
2023-02-27,136.25,142.06835378230937
2023-02-28,135.9199982,140.60609226268238
2023-03-01,136.5299988,139.86722316473507
2023-03-02,137.2700043,138.769097602787
2023-03-03,139.8300018,136.6329420835473
2023-03-06,140.1300049,136.68932568074297
2023-03-07,139.0800018,135.9289478944043
2023-03-08,139.7100067,135.5485419685407
2023-03-09,138.5200043,136.74994515742003
2023-03-10,137.9700012,138.06630083540554
2023-03-13,137.1199951,139.3130264379585
2023-03-14,136.6699982,139.15103024139657
2023-03-15,133.5800018,139.34698831266968
2023-03-16,135.8999939,138.5130588946295
2023-03-17,133.4799957,137.95555429023673
2023-03-20,135.1300049,138.01903261136945
2023-03-21,135.7799988,137.36539000729846
2023-03-22,135.5700073,135.70685609318596
2023-03-23,135.8699951,136.18838428681013
2023-03-24,136.6499939,134.96744815544594
2023-03-27,136.6499939,135.10384946185533
2023-03-28,137.9299927,136.26873128700828
2023-03-29,139.6699982,135.56457245237306
2023-03-30,139.6199951,136.24976711986017
2023-03-31,141.6900024,136.64338958841657
2023-04-03,142.3399963,136.94856749211255
2023-04-04,142.1399994,138.09384153592055
2023-04-05,140.4199982,139.72428094195334
2023-04-06,138.8699951,140.1358048658445
2023-04-10,138.0099945,141.56736748506046
2023-04-11,137.5899963,142.12187853504943
2023-04-12,136.4400024,141.5854784892035
2023-04-13,137.2299957,140.70636136743786
2023-04-14,135.9600067,138.79136964755133
2023-04-17,137.75,137.0324618542792
2023-04-18,137.0399933,136.3124970523919
2023-04-19,135.2599945,135.95548575419403
2023-04-20,133.8000031,136.41168847756202
2023-04-21,134.6699982,136.2607384967501
2023-04-24,134.8399963,137.2081834977826
2023-04-25,133.5099945,137.74893916528606
2023-04-26,134.0200043,136.77754572902313
2023-04-27,137.5200043,136.14861491655557
2023-04-28,137.3300018,135.46626412575208
2023-05-01,136.6900024,135.41508931321903
2023-05-02,135.1600037,135.20027184920193
2023-05-03,135.5700073,135.39292204285886
2023-05-04,134.9100037,136.46558742460255
2023-05-05,137.5399933,136.74599366560702
2023-05-08,137.8099976,136.75307342177203
2023-05-09,140.8500061,135.67552854635014
2023-05-10,143.5899963,134.49320926679502
2023-05-11,142.6699982,133.78491932708258
2023-05-12,143.2700043,135.38820719467284
2023-05-15,142.3999939,136.968594371074
2023-05-16,141.1300049,139.0712969198512
2023-05-17,142.0200043,141.87467081238316
2023-05-18,142.5099945,142.1298713253076
2023-05-19,142.2200012,142.6963715606838
2023-05-22,141.1900024,141.98354638604957
2023-05-23,139.5500031,140.63932071656464
2023-05-24,139.3300018,141.26795217359182
2023-05-25,139.6000061,142.06414783837204
2023-05-26,140.0800018,142.71473701695112
2023-05-30,137.7299957,142.93611036511257
2023-05-31,136.1300049,141.6718425337533
2023-06-01,140.6499939,140.55178918579736
2023-06-02,146.0,140.16469266584124
2023-06-05,145.7299957,140.3806626483038
2023-06-06,148.4799957,139.74873828143242
2023-06-07,145.3099976,138.480414183856
2023-06-08,146.8600006,139.66791231252967
2023-06-09,148.6399994,142.71059094410185
2023-06-12,149.5899963,144.72824661226693
2023-06-13,158.0800018,147.45365338035177
2023-06-14,165.5700073,145.6249508661549
2023-06-15,168.1799927,144.02899720685397
2023-06-16,164.3500061,144.9646775390795
2023-06-20,157.1499939,145.40004512379699
2023-06-21,156.5,151.54459992527663
2023-06-22,157.1100006,158.17171569664973
2023-06-23,153.3800049,162.4898430852794
2023-06-26,154.5500031,162.80868656482875
2023-06-27,157.1799927,157.0804453742864
2023-06-28,160.1100006,152.0407516321634
2023-06-29,160.3999939,149.8778038010096
2023-06-30,160.75,149.1919655193257
2023-07-03,160.4700012,151.80224018504015
2023-07-05,161.8999939,154.49235294670413
2023-07-06,160.8300018,156.87508754218533
2023-07-07,161.7700043,159.18145656482542
2023-07-10,160.2400055,160.2612765415942
2023-07-11,158.4199982,160.22435104802327
2023-07-12,159.2700043,160.65010932310454
2023-07-13,160.3500061,161.01659522099044
2023-07-14,159.1499939,161.9402564322847
2023-07-17,159.4499969,162.13664856894638
2023-07-18,163.1900024,161.18576098034953
2023-07-19,163.9700012,161.6630532944923
2023-07-20,163.2799988,161.9213671039967
2023-07-21,162.8099976,161.5579495993747
2023-07-24,164.5299988,161.7099323564559
2023-07-25,165.5599976,163.0478565939208
2023-07-26,165.6999969,163.74361850845335
2023-07-27,165.4299927,164.9027227736069
2023-07-28,167.1499939,165.3657807365596
2023-07-31,168.2400055,165.3356356437133
2023-08-01,171.8399963,166.1216083202045
2023-08-02,173.8500061,166.5646094686517
2023-08-03,168.5700073,167.16748139003414
2023-08-04,170.7899933,167.97303191232623
2023-08-07,173.3899994,168.9656945526282
2023-08-08,170.2899933,171.58722498290098
2023-08-09,167.2299957,173.54349781801602
2023-08-10,167.6600037,170.98556545105208
2023-08-11,167.2799988,170.14525976213181
2023-08-14,166.6999969,169.5903894856144
2023-08-15,165.3899994,167.7748586107943
2023-08-16,162.2400055,167.42546590855412
2023-08-17,162.2799988,166.65781378501418
2023-08-18,161.8699951,165.68058291766383
2023-08-21,162.7899933,166.09779459492222
2023-08-22,164.9900055,166.27109145935853
2023-08-23,165.9100037,164.11205021670173
2023-08-24,162.7799988,162.73857752069162
2023-08-25,164.4600067,161.87499694628175
2023-08-28,167.25,162.1683503100827
2023-08-29,167.3899994,163.99217333060133
2023-08-30,168.0500031,165.05933057224203
2023-08-31,172.1300049,163.91895098988425
2023-09-01,172.5399933,163.65161161385237
2023-09-05,175.3699951,164.2012880734792
2023-09-06,178.8300018,164.49694647417107
2023-09-07,178.8699951,166.08414398684087
2023-09-08,177.1300049,168.2681365054534
2023-09-11,178.6699982,168.823141491919
2023-09-12,181.2799988,170.62407878902053
2023-09-13,183.9799957,173.24233127722115
2023-09-14,187.9799957,173.6342623875394
2023-09-15,189.1999969,173.56838922288367
2023-09-18,188.9600067,173.96362821081814
2023-09-19,195.0399933,174.8402457146566
2023-09-20,188.75,177.50037802896642
2023-09-21,186.3000031,182.32107829867903
2023-09-22,187.1000061,185.03555859319
2023-09-25,184.8399963,186.1443711443596
2023-09-26,180.5,189.3472049365354
2023-09-27,182.3899994,187.01979122643655
2023-09-28,182.4199982,185.1191086966002
2023-09-29,179.75,185.13081349431909
2023-10-02,178.4600067,182.30015335339644
2023-10-03,173.6499939,181.32142570884417
2023-10-04,169.4499969,182.35652198282008
2023-10-05,173.0399933,181.9733170835889
2023-10-06,173.1799927,180.78679186009649
2023-10-09,174.1199951,180.37657013237097
2023-10-10,177.1499939,176.53784551373877
2023-10-11,178.0299988,172.29303027245828
2023-10-12,181.6000061,172.56529404548442
2023-10-13,177.6799927,172.6361514782225
2023-10-16,179.1000061,174.26684533637962
2023-10-17,178.2200012,177.31839985675907
2023-10-18,175.9799957,177.2620012917914
2023-10-19,174.6999969,178.8754522765826
2023-10-20,173.4799957,177.60462856107898
2023-10-23,173.8099976,176.45998316369577
2023-10-24,174.1199951,175.48606017396162
2023-10-25,175.1799927,173.39983714217738
2023-10-26,171.6100006,173.5142956948069
2023-10-27,172.8099976,172.58575498983444
2023-10-30,171.3999939,172.6577050699299
2023-10-31,175.1799927,173.40553986331662
2023-11-01,185.7799988,174.5341248413234
2023-11-02,186.5500031,173.99651240594395
2023-11-03,189.5899963,174.3924698469353
2023-11-06,189.6499939,173.93956003341154
2023-11-07,189.5700073,176.1370385146132
2023-11-08,183.4199982,183.54228384993957
2023-11-09,184.2200012,187.08599368207672
2023-11-10,187.0,191.14137680068436
2023-11-13,187.7400055,191.13682659799056
2023-11-14,192.0800018,187.5619388967378
2023-11-15,189.1100006,183.1460270535078
2023-11-16,190.3999939,180.34516774667503
2023-11-17,193.3600006,180.44461362396947
2023-11-20,187.6799927,181.49138476012024
2023-11-21,183.2100067,185.91819314138007
2023-11-22,184.2299957,185.99747742976487
2023-11-24,188.3000031,186.12275768156414
2023-11-27,186.6100006,187.57732576637335
2023-11-28,187.1600037,184.8912543031545
2023-11-29,189.5099945,183.52017645066746
2023-11-30,189.7799988,183.14324304791225
2023-12-01,192.7400055,184.66458236369834
2023-12-04,187.3699951,186.6581548866848
2023-12-05,187.9900055,189.0533426684858
2023-12-06,189.8899994,190.75667512425127
2023-12-07,190.2400055,189.76468603369017
2023-12-08,187.2799988,191.33621228905605
2023-12-11,187.0800018,189.1483431174906
2023-12-12,184.8000031,187.57916680233168
2023-12-13,185.4799957,188.06184751440134
2023-12-14,183.4199982,188.11478852403263
2023-12-15,180.6199951,188.74005223235554
2023-12-18,183.2799988,188.64365978055298
2023-12-19,183.9499969,186.41961350401755
2023-12-20,179.9400024,184.69173390214087
2023-12-21,180.8600006,184.00832039952405
2023-12-22,178.5299988,181.6887947052792
2023-12-26,179.8500061,182.54936675751327
2023-12-27,179.8500061,183.03978580771673
2023-12-28,181.1100006,181.6109922263243
2023-12-29,183.3800049,181.912802381316
2024-01-02,181.3699951,179.61303414613627
2024-01-03,181.5500031,178.99734981190554
2024-01-04,182.9700012,179.69426424488356
2024-01-05,187.0700073,180.42184764272852
2024-01-08,187.8899994,182.3549653345301
2024-01-09,185.9900055,181.48041338323029
2024-01-10,192.7200012,181.39394456427635
2024-01-11,194.9499969,181.05492452804538
2024-01-12,195.6799927,182.04160005953975
2024-01-16,195.6000061,183.5705430035115
2024-01-17,194.1399994,183.08325221766
2024-01-18,200.0800018,185.68182208565557
2024-01-19,200.6699982,187.234084818433
2024-01-22,201.4199982,188.77428352696305
2024-01-23,201.3999939,190.35881677621347
2024-01-24,200.7200012,189.17441697634774
2024-01-25,199.5599976,191.39259588625174
2024-01-26,198.0599976,193.30353133992114
2024-01-29,201.6600037,195.42043830434437
2024-01-30,201.8500061,197.11297899648412
2024-01-31,199.6999969,196.50465880608675
2024-02-01,202.1799927,196.40058788723843
2024-02-02,202.5399933,195.79093556513138
2024-02-05,203.0299988,197.45060702991734
2024-02-06,218.8600006,198.9285847101643
2024-02-07,223.0500031,199.1209804516969
2024-02-08,226.3099976,201.1988215311505
2024-02-09,224.4600067,201.38478113071488
2024-02-12,225.8600006,201.73826003471626
2024-02-13,231.0,209.37815513198495
2024-02-14,227.0299988,213.3032138596229
2024-02-15,228.5399933,216.05131177008857
2024-02-16,227.3600006,216.51465412070965
2024-02-20,226.7700043,212.64990054653634
2024-02-21,227.0899963,213.04271475540372
2024-02-22,234.4499969,211.2303121449356
2024-02-23,235.0,212.40667425122712
2024-02-26,238.1300049,212.6811682222841
2024-02-27,238.0399933,212.40640483133078
2024-02-28,237.2899933,215.3708469185595
2024-02-29,240.5500031,219.94520759638294
2024-03-01,246.0399933,223.66700398000248
2024-03-04,243.8399963,227.24035000073732
2024-03-05,248.1900024,229.31368578081316
2024-03-06,252.39999390000003,228.98773260955477
2024-03-07,247.9400024,230.31254507873103
2024-03-08,242.8200073,232.7319956189749
2024-03-11,235.4600067,233.44230620790992
2024-03-12,237.9499969,236.02125332678855
2024-03-13,232.8300018,238.69187804928376
2024-03-14,230.9700012,237.07655609299016
2024-03-15,234.6199951,235.5625509854934
2024-03-18,238.6600037,231.0162997835217
2024-03-19,244.3200073,229.40076827841986
2024-03-20,246.7200012,228.34229234455023
2024-03-21,251.47999570000002,227.87820160532823
2024-03-22,254.77000429999998,230.6623868141318
2024-03-25,252.41000370000003,231.4417587031626
2024-03-26,253.7200012,233.9153476747993
2024-03-27,252.1499939,236.2428661593023
2024-03-28,252.1499939,237.62323899821317
2024-04-01,242.1499939,238.3623326127408
2024-04-02,239.8899994,236.38104863058197
2024-04-03,241.7799988,234.81408754568187
2024-04-04,239.1600037,232.48598531807014
2024-04-05,240.7400055,230.81823125639391
2024-04-08,244.2100067,228.01803053152997
2024-04-09,246.9299927,226.46675567170584
2024-04-10,244.7899933,226.98881659195754
2024-04-11,246.9900055,226.3101927763868
2024-04-12,242.9700012,229.8530644132909
2024-04-15,241.6699982,233.5146454500779
2024-04-16,236.5200043,236.33939332105302
2024-04-17,233.9700012,238.310589024871
2024-04-18,231.8399963,239.65598218057343
2024-04-19,228.7200012,238.29756706321444
2024-04-22,230.3000031,237.00403723755798
2024-04-23,230.4100037,234.77925754019358
2024-04-24,232.8800049,231.60861942563074
2024-04-25,225.3600006,229.81769556800992
2024-04-26,226.7100067,226.2805416200171
2024-04-29,227.9400024,225.50161876414685
2024-04-30,227.3099976,224.0690233686616
2024-05-01,226.8300018,223.7871951893153
2024-05-02,230.8000031,220.24170419230788
2024-05-03,232.8699951,218.04928481804862
2024-05-06,235.6000061,218.05093127297073
2024-05-07,231.2599945,217.10722821494298
2024-05-08,231.7799988,219.4138367219354
2024-05-09,227.2400055,221.6508151534953
2024-05-10,218.7799988,223.18147939124924
2024-05-13,215.6399994,225.2851249096636
2024-05-14,217.1199951,224.03696240099683
2024-05-15,219.5500031,222.5099203640715
2024-05-16,215.6300049,219.42940320483518
2024-05-17,219.7599945,213.348910467597
2024-05-20,219.7599945,209.84931065959992
2024-05-21,219.3600006,207.86021350044717
2024-05-22,216.6300049,209.33320691261181
2024-05-23,214.7200012,209.95213925337066
2024-05-24,216.8399963,212.9536565118905
2024-05-28,218.7200012,213.88534044898697
2024-05-29,213.9499969,213.57884538135332
2024-05-30,214.1699982,213.9180899341646
2024-05-31,217.5099945,212.41653801298767
2024-06-03,212.1699982,212.65877643534364
2024-06-04,210.3800049,213.45402913048665
2024-06-05,208.3300018,211.87835680227147
2024-06-06,210.0399933,210.53170635371947
2024-06-07,206.3600006,209.86288642882118
2024-06-10,208.0200043,205.56287004433455
2024-06-11,205.3099976,203.9750289174679
2024-06-12,205.6499939,201.838723720508
2024-06-13,199.3500061,200.96022027739514
2024-06-14,197.1300049,200.92890769833133
2024-06-17,195.1999969,202.51128558841103
2024-06-18,194.1399994,202.89041925365302
2024-06-20,194.5399933,202.23025070098174
2024-06-21,193.5800018,200.18945485727525
2024-06-24,198.9799957,197.0678212283027
2024-06-25,206.2200012,195.0508391098785
2024-06-26,203.1799927,193.03870654958845
2024-06-27,203.8800049,193.8340640191356
2024-06-28,204.9700012,193.5143973121252
2024-07-01,203.7100067,195.56442827116743
2024-07-02,206.2100067,198.89118024788877
2024-07-03,206.25,198.2375526115898
2024-07-05,206.4499969,197.94575589607882
2024-07-08,204.9400024,196.5025633180041
2024-07-09,201.6699982,193.37670877732216
2024-07-10,205.8800049,195.36333625409176
2024-07-11,203.7299957,196.765996105539
2024-07-12,207.5899963,197.7849421535064
2024-07-15,206.9100037,199.02892865377987
2024-07-16,206.6000061,197.56904700990393
2024-07-17,204.3899994,199.4939773304111
2024-07-18,199.8500061,200.11768439044403
2024-07-19,197.1499939,203.15943502015102
2024-07-22,200.1399994,206.06765815567627
2024-07-23,200.7899933,206.7192052716646
2024-07-24,197.1999969,206.9190100603466
2024-07-25,195.25,204.0741305360059
2024-07-26,192.5200043,201.57383905908725
2024-07-29,192.4799957,201.2244762923911
2024-07-30,193.1100006,201.59584168395523
2024-07-31,193.5500031,200.85185360797738
2024-08-01,179.0700073,199.24961348442844
2024-08-02,173.0200043,194.83479428855583
2024-08-05,168.3500061,191.624850804671
2024-08-06,169.6000061,190.59053285484006
2024-08-07,167.1799927,190.25390766213212
2024-08-08,169.3699951,182.4023832362864
2024-08-09,168.5899963,174.11734722945357
2024-08-12,167.9700012,165.86184263681426
2024-08-13,172.3899994,161.42602365679898
2024-08-14,177.0099945,163.01522685091933
2024-08-15,181.7899933,165.5732639922874
2024-08-16,182.6699982,167.08964897553517
2024-08-19,183.6999969,166.10147666683892
2024-08-20,181.3399963,167.9399830717082
2024-08-21,183.6199951,170.7403933453804
2024-08-22,181.5,175.588634315608
2024-08-23,185.0899963,179.47236702470144
2024-08-26,180.5700073,181.05139213384888
2024-08-27,185.75,179.202198739758
2024-08-28,185.75,178.32308161799236
2024-08-29,187.7700043,176.3895148930302
2024-08-30,189.8000031,176.74009004925986
2024-09-03,186.1499939,175.57556745063542
2024-09-04,184.7100067,176.28039983501148
2024-09-05,182.8000031,177.80615464354318
2024-09-06,177.1799927,178.39064614088625
2024-09-09,176.0800018,181.92000187965715
2024-09-10,174.1799927,181.44719989712007
2024-09-11,174.6900024,182.25813881733902
2024-09-12,176.1799927,182.75292845697206
2024-09-13,175.3899994,181.23768102439772
2024-09-16,176.2299957,181.59756613482324
2024-09-17,173.1499939,181.049910324419
2024-09-18,176.7100067,181.243413681081
2024-09-19,183.4700012,183.20206639194706
2024-09-20,184.0700073,182.3114390534988
2024-09-23,184.0700073,181.31710002273067
2024-09-24,183.5299988,177.4161843113594
2024-09-25,184.1600037,175.2168797619714
2024-09-26,189.3600006,177.63757262729285
2024-09-27,182.8200073,178.93520362248253
2024-09-30,178.5700073,180.9175952197708
2024-10-01,178.0599976,180.35100517776246
2024-10-02,180.5,178.81082143700442
2024-10-03,176.1699982,180.48484699515663
2024-10-04,180.0200043,178.51287296719363
2024-10-07,177.3200073,175.96330758478834
2024-10-08,175.7599945,174.57584002194045
2024-10-09,173.9900055,173.6533612646357
2024-10-10,174.3500061,173.78997211985336
2024-10-11,174.0599976,177.14695899605314
2024-10-14,174.0599976,178.10661769905315
2024-10-15,169.5500031,177.14636028517236
2024-10-16,171.5,177.5977134504062
2024-10-17,171.1999969,176.93979006353774
2024-10-18,171.5299988,177.48693696969335
2024-10-21,169.1699982,178.87488350124585
2024-10-22,169.9299927,177.22820406257242
2024-10-23,171.3300018,176.63075047466086
2024-10-24,170.4299927,175.51668423551254
2024-10-25,172.0,173.75765670006427
2024-10-28,176.6300049,172.46646184684278
2024-10-29,176.0299988,170.41146158749024
2024-10-30,175.2100067,169.58377373038198
2024-10-31,173.0200043,168.72712323441692
2024-11-01,172.8300018,169.9764532293012
2024-11-04,172.6999969,172.8455356409967
2024-11-05,174.7299957,173.5496944756319
2024-11-06,175.1499939,173.84469429435492
,178.4499969,172.8914717333231
2024-11-08,172.0299988,171.07553672865848
2024-11-11,174.1000061,171.2637115584817
2024-11-12,174.9900055,173.00856461382796
2024-11-13,172.3500061,174.55790863106165
2024-11-14,173.4799957,177.43221479519178
2024-11-15,172.8399963,175.7334325421201
2024-11-18,174.7799988,175.2054593519209
2024-11-19,175.3899994,175.44052821147972
2024-11-20,172.9100037,172.73407064277097
2024-11-21,173.3800049,174.11402438406535
2024-11-22,174.3999939,173.9395300978675
,175.8300018,174.48793429687268
2024-11-26,172.5200043,175.59418735902707
2024-11-27,169.7200012,174.67733648400147
2024-11-29,170.6300049,174.16894113960316
2024-12-02,175.8099976,173.64887093302997
2024-12-03,176.0,173.88420921248516
2024-12-04,174.7799988,173.04956134138808
2024-12-05,174.3999939,170.82033621573405
2024-12-06,175.9499969,169.65683142560687
2024-12-09,177.0099945,170.95627352121085
2024-12-10,175.7100067,172.9830445625355
2024-12-11,178.1499939,174.00257435361164
2024-12-12,176.8999939,173.89104948429787
2024-12-13,175.8600006,172.6735858760421
2024-12-16,174.25,172.90566118119713
2024-12-17,173.2799988,173.30443256332808
2024-12-18,173.6199951,174.942041532158
2024-12-19,174.2100067,175.11027928965188
2024-12-20,178.1699982,174.80628383994542
2024-12-23,180.4499969,174.3155205309855
2024-12-24,181.4299927,172.65548983967108
2024-12-26,197.3600006,172.45785537793182
2024-12-27,199.5200043,172.96622078678612
